timestamp,stage,occurrence,block,point,allocated,reserved,active,inactive_split,free,total,adaln_cache,opt_student,opt_fake,params,boundary
2026-08-19 15:17:47.045,before_student_grad_forward,,,,4315783680,4370464768,4315783680,0,37126275072,42298834944,0,0,0,"{""all"": 69047622144, ""frozen"": 66280430080, ""lora_fake"": 1383596032, ""lora_student"": 1383596032}","{""cpu_copy_count"": 0, ""offloaded_logical_bytes"": 0, ""offloaded_storage_bytes"": 0, ""pack_count"": 0, ""unpack_count"": 0}"
2026-08-19 15:17:48.435,block_0_pre,1,0,pre,7363649536,8518631424,7363649536,0,32959234048,42298834944,9676800,0,0,"{""all"": 69047622144, ""frozen"": 66280430080, ""lora_fake"": 1383596032, ""lora_student"": 1383596032}","{""cpu_copy_count"": 0, ""offloaded_logical_bytes"": 0, ""offloaded_storage_bytes"": 0, ""pack_count"": 0, ""unpack_count"": 0}"
2026-08-19 15:17:49.025,block_0_post,1,0,post,6945381376,18438160384,6945381376,0,23039705088,42298834944,9676800,0,0,"{""all"": 69047622144, ""frozen"": 66280430080, ""lora_fake"": 1383596032, ""lora_student"": 1383596032}","{""cpu_copy_count"": 0, ""offloaded_logical_bytes"": 0, ""offloaded_storage_bytes"": 0, ""pack_count"": 0, ""unpack_count"": 0}"
2026-08-19 15:17:49.038,block_1_pre,1,1,pre,7363649536,18438160384,7363649536,0,23039705088,42298834944,9676800,0,0,"{""all"": 69047622144, ""frozen"": 66280430080, ""lora_fake"": 1383596032, ""lora_student"": 1383596032}","{""cpu_copy_count"": 0, ""offloaded_logical_bytes"": 0, ""offloaded_storage_bytes"": 0, ""pack_count"": 0, ""unpack_count"": 0}"
2026-08-19 15:17:49.061,block_1_post,1,1,post,6945381376,18836619264,6945381376,0,22641246208,42298834944,9676800,0,0,"{""all"": 69047622144, ""frozen"": 66280430080, ""lora_fake"": 1383596032, ""lora_student"": 1383596032}","{""cpu_copy_count"": 0, ""offloaded_logical_bytes"": 0, ""offloaded_storage_bytes"": 0, ""pack_count"": 0, ""unpack_count"": 0}"
2026-08-19 15:17:49.075,block_2_pre,1,2,pre,7363649536,18836619264,7363649536,0,22641246208,42298834944,9676800,0,0,"{""all"": 69047622144, ""frozen"": 66280430080, ""lora_fake"": 1383596032, ""lora_student"": 1383596032}","{""cpu_copy_count"": 0, ""offloaded_logical_bytes"": 0, ""offloaded_storage_bytes"": 0, ""pack_count"": 0, ""unpack_count"": 0}"
2026-08-19 15:17:49.088,block_2_post,1,2,post,6945381376,18836619264,6945381376,0,22641246208,42298834944,9676800,0,0,"{""all"": 69047622144, ""frozen"": 66280430080, ""lora_fake"": 1383596032, ""lora_student"": 1383596032}","{""cpu_copy_count"": 0, ""offloaded_logical_bytes"": 0, ""offloaded_storage_bytes"": 0, ""pack_count"": 0, ""unpack_count"": 0}"
2026-08-19 15:17:49.106,block_3_pre,1,3,pre,7363649536,18836619264,7363649536,0,22641246208,42298834944,9676800,0,0,"{""all"": 69047622144, ""frozen"": 66280430080, ""lora_fake"": 1383596032, ""lora_student"": 1383596032}","{""cpu_copy_count"": 0, ""offloaded_logical_bytes"": 0, ""offloaded_storage_bytes"": 0, ""pack_count"": 0, ""unpack_count"": 0}"
2026-08-19 15:17:49.119,block_3_post,1,3,post,6945381376,18836619264,6945381376,0,22641246208,42298834944,9676800,0,0,"{""all"": 69047622144, ""frozen"": 66280430080, ""lora_fake"": 1383596032, ""lora_student"": 1383596032}","{""cpu_copy_count"": 0, ""offloaded_logical_bytes"": 0, ""offloaded_storage_bytes"": 0, ""pack_count"": 0, ""unpack_count"": 0}"
2026-08-19 15:17:49.131,block_4_pre,1,4,pre,7363649536,18836619264,7363649536,0,22641246208,42298834944,9676800,0,0,"{""all"": 69047622144, ""frozen"": 66280430080, ""lora_fake"": 1383596032, ""lora_student"": 1383596032}","{""cpu_copy_count"": 0, ""offloaded_logical_bytes"": 0, ""offloaded_storage_bytes"": 0, ""pack_count"": 0, ""unpack_count"": 0}"
2026-08-19 15:17:49.143,block_4_post,1,4,post,6945381376,18836619264,6945381376,0,22641246208,42298834944,9676800,0,0,"{""all"": 69047622144, ""frozen"": 66280430080, ""lora_fake"": 1383596032, ""lora_student"": 1383596032}","{""cpu_copy_count"": 0, ""offloaded_logical_bytes"": 0, ""offloaded_storage_bytes"": 0, ""pack_count"": 0, ""unpack_count"": 0}"
2026-08-19 15:17:49.155,block_5_pre,1,5,pre,7363649536,18836619264,7363649536,0,22641246208,42298834944,9676800,0,0,"{""all"": 69047622144, ""frozen"": 66280430080, ""lora_fake"": 1383596032, ""lora_student"": 1383596032}","{""cpu_copy_count"": 0, ""offloaded_logical_bytes"": 0, ""offloaded_storage_bytes"": 0, ""pack_count"": 0, ""unpack_count"": 0}"
2026-08-19 15:17:49.168,block_5_post,1,5,post,6945381376,18836619264,6945381376,0,22641246208,42298834944,9676800,0,0,"{""all"": 69047622144, ""frozen"": 66280430080, ""lora_fake"": 1383596032, ""lora_student"": 1383596032}","{""cpu_copy_count"": 0, ""offloaded_logical_bytes"": 0, ""offloaded_storage_bytes"": 0, ""pack_count"": 0, ""unpack_count"": 0}"
2026-08-19 15:17:49.180,block_6_pre,1,6,pre,7363649536,18836619264,7363649536,0,22641246208,42298834944,9676800,0,0,"{""all"": 69047622144, ""frozen"": 66280430080, ""lora_fake"": 1383596032, ""lora_student"": 1383596032}","{""cpu_copy_count"": 0, ""offloaded_logical_bytes"": 0, ""offloaded_storage_bytes"": 0, ""pack_count"": 0, ""unpack_count"": 0}"
2026-08-19 15:17:49.192,block_6_post,1,6,post,6945381376,18836619264,6945381376,0,22641246208,42298834944,9676800,0,0,"{""all"": 69047622144, ""frozen"": 66280430080, ""lora_fake"": 1383596032, ""lora_student"": 1383596032}","{""cpu_copy_count"": 0, ""offloaded_logical_bytes"": 0, ""offloaded_storage_bytes"": 0, ""pack_count"": 0, ""unpack_count"": 0}"
2026-08-19 15:17:49.204,block_7_pre,1,7,pre,7363649536,18836619264,7363649536,0,22641246208,42298834944,9676800,0,0,"{""all"": 69047622144, ""frozen"": 66280430080, ""lora_fake"": 1383596032, ""lora_student"": 1383596032}","{""cpu_copy_count"": 0, ""offloaded_logical_bytes"": 0, ""offloaded_storage_bytes"": 0, ""pack_count"": 0, ""unpack_count"": 0}"
2026-08-19 15:17:49.216,block_7_post,1,7,post,6945381376,18836619264,6945381376,0,22641246208,42298834944,9676800,0,0,"{""all"": 69047622144, ""frozen"": 66280430080, ""lora_fake"": 1383596032, ""lora_student"": 1383596032}","{""cpu_copy_count"": 0, ""offloaded_logical_bytes"": 0, ""offloaded_storage_bytes"": 0, ""pack_count"": 0, ""unpack_count"": 0}"
2026-08-19 15:17:49.228,block_8_pre,1,8,pre,7363649536,18836619264,7363649536,0,22641246208,42298834944,9676800,0,0,"{""all"": 69047622144, ""frozen"": 66280430080, ""lora_fake"": 1383596032, ""lora_student"": 1383596032}","{""cpu_copy_count"": 0, ""offloaded_logical_bytes"": 0, ""offloaded_storage_bytes"": 0, ""pack_count"": 0, ""unpack_count"": 0}"
2026-08-19 15:17:49.241,block_8_post,1,8,post,6945381376,18836619264,6945381376,0,22641246208,42298834944,9676800,0,0,"{""all"": 69047622144, ""frozen"": 66280430080, ""lora_fake"": 1383596032, ""lora_student"": 1383596032}","{""cpu_copy_count"": 0, ""offloaded_logical_bytes"": 0, ""offloaded_storage_bytes"": 0, ""pack_count"": 0, ""unpack_count"": 0}"
2026-08-19 15:17:49.253,block_9_pre,1,9,pre,7363649536,18836619264,7363649536,0,22641246208,42298834944,9676800,0,0,"{""all"": 69047622144, ""frozen"": 66280430080, ""lora_fake"": 1383596032, ""lora_student"": 1383596032}","{""cpu_copy_count"": 0, ""offloaded_logical_bytes"": 0, ""offloaded_storage_bytes"": 0, ""pack_count"": 0, ""unpack_count"": 0}"
2026-08-19 15:17:49.265,block_9_post,1,9,post,6945381376,18836619264,6945381376,0,22641246208,42298834944,9676800,0,0,"{""all"": 69047622144, ""frozen"": 66280430080, ""lora_fake"": 1383596032, ""lora_student"": 1383596032}","{""cpu_copy_count"": 0, ""offloaded_logical_bytes"": 0, ""offloaded_storage_bytes"": 0, ""pack_count"": 0, ""unpack_count"": 0}"
2026-08-19 15:17:49.278,block_10_pre,1,10,pre,7363649536,18836619264,7363649536,0,22641246208,42298834944,9676800,0,0,"{""all"": 69047622144, ""frozen"": 66280430080, ""lora_fake"": 1383596032, ""lora_student"": 1383596032}","{""cpu_copy_count"": 0, ""offloaded_logical_bytes"": 0, ""offloaded_storage_bytes"": 0, ""pack_count"": 0, ""unpack_count"": 0}"
2026-08-19 15:17:49.290,block_10_post,1,10,post,6945381376,18836619264,6945381376,0,22641246208,42298834944,9676800,0,0,"{""all"": 69047622144, ""frozen"": 66280430080, ""lora_fake"": 1383596032, ""lora_student"": 1383596032}","{""cpu_copy_count"": 0, ""offloaded_logical_bytes"": 0, ""offloaded_storage_bytes"": 0, ""pack_count"": 0, ""unpack_count"": 0}"
2026-08-19 15:17:49.302,block_11_pre,1,11,pre,7363649536,18836619264,7363649536,0,22641246208,42298834944,9676800,0,0,"{""all"": 69047622144, ""frozen"": 66280430080, ""lora_fake"": 1383596032, ""lora_student"": 1383596032}","{""cpu_copy_count"": 0, ""offloaded_logical_bytes"": 0, ""offloaded_storage_bytes"": 0, ""pack_count"": 0, ""unpack_count"": 0}"
2026-08-19 15:17:49.315,block_11_post,1,11,post,6945381376,18836619264,6945381376,0,22641246208,42298834944,9676800,0,0,"{""all"": 69047622144, ""frozen"": 66280430080, ""lora_fake"": 1383596032, ""lora_student"": 1383596032}","{""cpu_copy_count"": 0, ""offloaded_logical_bytes"": 0, ""offloaded_storage_bytes"": 0, ""pack_count"": 0, ""unpack_count"": 0}"
2026-08-19 15:17:49.327,block_12_pre,1,12,pre,7363649536,18836619264,7363649536,0,22641246208,42298834944,9676800,0,0,"{""all"": 69047622144, ""frozen"": 66280430080, ""lora_fake"": 1383596032, ""lora_student"": 1383596032}","{""cpu_copy_count"": 0, ""offloaded_logical_bytes"": 0, ""offloaded_storage_bytes"": 0, ""pack_count"": 0, ""unpack_count"": 0}"
2026-08-19 15:17:49.339,block_12_post,1,12,post,6945381376,18836619264,6945381376,0,22641246208,42298834944,9676800,0,0,"{""all"": 69047622144, ""frozen"": 66280430080, ""lora_fake"": 1383596032, ""lora_student"": 1383596032}","{""cpu_copy_count"": 0, ""offloaded_logical_bytes"": 0, ""offloaded_storage_bytes"": 0, ""pack_count"": 0, ""unpack_count"": 0}"
2026-08-19 15:17:49.353,block_13_pre,1,13,pre,7363649536,18836619264,7363649536,0,22641246208,42298834944,9676800,0,0,"{""all"": 69047622144, ""frozen"": 66280430080, ""lora_fake"": 1383596032, ""lora_student"": 1383596032}","{""cpu_copy_count"": 0, ""offloaded_logical_bytes"": 0, ""offloaded_storage_bytes"": 0, ""pack_count"": 0, ""unpack_count"": 0}"
2026-08-19 15:17:49.371,block_13_post,1,13,post,6945381376,18836619264,6945381376,0,22641246208,42298834944,9676800,0,0,"{""all"": 69047622144, ""frozen"": 66280430080, ""lora_fake"": 1383596032, ""lora_student"": 1383596032}","{""cpu_copy_count"": 0, ""offloaded_logical_bytes"": 0, ""offloaded_storage_bytes"": 0, ""pack_count"": 0, ""unpack_count"": 0}"
2026-08-19 15:17:49.393,block_14_pre,1,14,pre,7363649536,18836619264,7363649536,0,22641246208,42298834944,9676800,0,0,"{""all"": 69047622144, ""frozen"": 66280430080, ""lora_fake"": 1383596032, ""lora_student"": 1383596032}","{""cpu_copy_count"": 0, ""offloaded_logical_bytes"": 0, ""offloaded_storage_bytes"": 0, ""pack_count"": 0, ""unpack_count"": 0}"
2026-08-19 15:17:49.406,block_14_post,1,14,post,6945381376,18836619264,6945381376,0,22641246208,42298834944,9676800,0,0,"{""all"": 69047622144, ""frozen"": 66280430080, ""lora_fake"": 1383596032, ""lora_student"": 1383596032}","{""cpu_copy_count"": 0, ""offloaded_logical_bytes"": 0, ""offloaded_storage_bytes"": 0, ""pack_count"": 0, ""unpack_count"": 0}"
2026-08-19 15:17:49.419,block_15_pre,1,15,pre,7363649536,18836619264,7363649536,0,22641246208,42298834944,9676800,0,0,"{""all"": 69047622144, ""frozen"": 66280430080, ""lora_fake"": 1383596032, ""lora_student"": 1383596032}","{""cpu_copy_count"": 0, ""offloaded_logical_bytes"": 0, ""offloaded_storage_bytes"": 0, ""pack_count"": 0, ""unpack_count"": 0}"
2026-08-19 15:17:49.513,block_15_post,1,15,post,6945381376,18836619264,6945381376,0,22641246208,42298834944,9676800,0,0,"{""all"": 69047622144, ""frozen"": 66280430080, ""lora_fake"": 1383596032, ""lora_student"": 1383596032}","{""cpu_copy_count"": 0, ""offloaded_logical_bytes"": 0, ""offloaded_storage_bytes"": 0, ""pack_count"": 0, ""unpack_count"": 0}"
2026-08-19 15:17:49.525,block_16_pre,1,16,pre,7363649536,18836619264,7363649536,0,22641246208,42298834944,9676800,0,0,"{""all"": 69047622144, ""frozen"": 66280430080, ""lora_fake"": 1383596032, ""lora_student"": 1383596032}","{""cpu_copy_count"": 0, ""offloaded_logical_bytes"": 0, ""offloaded_storage_bytes"": 0, ""pack_count"": 0, ""unpack_count"": 0}"
2026-08-19 15:17:49.866,block_16_post,1,16,post,6945381376,18836619264,6945381376,0,22641246208,42298834944,9676800,0,0,"{""all"": 69047622144, ""frozen"": 66280430080, ""lora_fake"": 1383596032, ""lora_student"": 1383596032}","{""cpu_copy_count"": 0, ""offloaded_logical_bytes"": 0, ""offloaded_storage_bytes"": 0, ""pack_count"": 0, ""unpack_count"": 0}"
2026-08-19 15:17:49.878,block_17_pre,1,17,pre,7363649536,18836619264,7363649536,0,22641246208,42298834944,9676800,0,0,"{""all"": 69047622144, ""frozen"": 66280430080, ""lora_fake"": 1383596032, ""lora_student"": 1383596032}","{""cpu_copy_count"": 0, ""offloaded_logical_bytes"": 0, ""offloaded_storage_bytes"": 0, ""pack_count"": 0, ""unpack_count"": 0}"
2026-08-19 15:17:50.222,block_17_post,1,17,post,6945381376,18836619264,6945381376,0,22641246208,42298834944,9676800,0,0,"{""all"": 69047622144, ""frozen"": 66280430080, ""lora_fake"": 1383596032, ""lora_student"": 1383596032}","{""cpu_copy_count"": 0, ""offloaded_logical_bytes"": 0, ""offloaded_storage_bytes"": 0, ""pack_count"": 0, ""unpack_count"": 0}"
2026-08-19 15:17:50.235,block_18_pre,1,18,pre,7363649536,18836619264,7363649536,0,22641246208,42298834944,9676800,0,0,"{""all"": 69047622144, ""frozen"": 66280430080, ""lora_fake"": 1383596032, ""lora_student"": 1383596032}","{""cpu_copy_count"": 0, ""offloaded_logical_bytes"": 0, ""offloaded_storage_bytes"": 0, ""pack_count"": 0, ""unpack_count"": 0}"
2026-08-19 15:17:50.577,block_18_post,1,18,post,6945381376,18836619264,6945381376,0,22641246208,42298834944,9676800,0,0,"{""all"": 69047622144, ""frozen"": 66280430080, ""lora_fake"": 1383596032, ""lora_student"": 1383596032}","{""cpu_copy_count"": 0, ""offloaded_logical_bytes"": 0, ""offloaded_storage_bytes"": 0, ""pack_count"": 0, ""unpack_count"": 0}"
2026-08-19 15:17:50.589,block_19_pre,1,19,pre,7363649536,18836619264,7363649536,0,22641246208,42298834944,9676800,0,0,"{""all"": 69047622144, ""frozen"": 66280430080, ""lora_fake"": 1383596032, ""lora_student"": 1383596032}","{""cpu_copy_count"": 0, ""offloaded_logical_bytes"": 0, ""offloaded_storage_bytes"": 0, ""pack_count"": 0, ""unpack_count"": 0}"
2026-08-19 15:17:50.928,block_19_post,1,19,post,6945381376,18836619264,6945381376,0,22641246208,42298834944,9676800,0,0,"{""all"": 69047622144, ""frozen"": 66280430080, ""lora_fake"": 1383596032, ""lora_student"": 1383596032}","{""cpu_copy_count"": 0, ""offloaded_logical_bytes"": 0, ""offloaded_storage_bytes"": 0, ""pack_count"": 0, ""unpack_count"": 0}"
2026-08-19 15:17:50.940,block_20_pre,1,20,pre,7363649536,18836619264,7363649536,0,22641246208,42298834944,9676800,0,0,"{""all"": 69047622144, ""frozen"": 66280430080, ""lora_fake"": 1383596032, ""lora_student"": 1383596032}","{""cpu_copy_count"": 0, ""offloaded_logical_bytes"": 0, ""offloaded_storage_bytes"": 0, ""pack_count"": 0, ""unpack_count"": 0}"
2026-08-19 15:17:51.287,block_20_post,1,20,post,6945381376,18836619264,6945381376,0,22641246208,42298834944,9676800,0,0,"{""all"": 69047622144, ""frozen"": 66280430080, ""lora_fake"": 1383596032, ""lora_student"": 1383596032}","{""cpu_copy_count"": 0, ""offloaded_logical_bytes"": 0, ""offloaded_storage_bytes"": 0, ""pack_count"": 0, ""unpack_count"": 0}"
2026-08-19 15:17:51.300,block_21_pre,1,21,pre,7363649536,18836619264,7363649536,0,22641246208,42298834944,9676800,0,0,"{""all"": 69047622144, ""frozen"": 66280430080, ""lora_fake"": 1383596032, ""lora_student"": 1383596032}","{""cpu_copy_count"": 0, ""offloaded_logical_bytes"": 0, ""offloaded_storage_bytes"": 0, ""pack_count"": 0, ""unpack_count"": 0}"
2026-08-19 15:17:51.637,block_21_post,1,21,post,6945381376,18836619264,6945381376,0,22641246208,42298834944,9676800,0,0,"{""all"": 69047622144, ""frozen"": 66280430080, ""lora_fake"": 1383596032, ""lora_student"": 1383596032}","{""cpu_copy_count"": 0, ""offloaded_logical_bytes"": 0, ""offloaded_storage_bytes"": 0, ""pack_count"": 0, ""unpack_count"": 0}"
2026-08-19 15:17:51.649,block_22_pre,1,22,pre,7363649536,18836619264,7363649536,0,22641246208,42298834944,9676800,0,0,"{""all"": 69047622144, ""frozen"": 66280430080, ""lora_fake"": 1383596032, ""lora_student"": 1383596032}","{""cpu_copy_count"": 0, ""offloaded_logical_bytes"": 0, ""offloaded_storage_bytes"": 0, ""pack_count"": 0, ""unpack_count"": 0}"
2026-08-19 15:17:51.992,block_22_post,1,22,post,6945381376,18836619264,6945381376,0,22641246208,42298834944,9676800,0,0,"{""all"": 69047622144, ""frozen"": 66280430080, ""lora_fake"": 1383596032, ""lora_student"": 1383596032}","{""cpu_copy_count"": 0, ""offloaded_logical_bytes"": 0, ""offloaded_storage_bytes"": 0, ""pack_count"": 0, ""unpack_count"": 0}"
2026-08-19 15:17:52.004,block_23_pre,1,23,pre,7363649536,18836619264,7363649536,0,22641246208,42298834944,9676800,0,0,"{""all"": 69047622144, ""frozen"": 66280430080, ""lora_fake"": 1383596032, ""lora_student"": 1383596032}","{""cpu_copy_count"": 0, ""offloaded_logical_bytes"": 0, ""offloaded_storage_bytes"": 0, ""pack_count"": 0, ""unpack_count"": 0}"
2026-08-19 15:17:52.346,block_23_post,1,23,post,6945381376,18836619264,6945381376,0,22641246208,42298834944,9676800,0,0,"{""all"": 69047622144, ""frozen"": 66280430080, ""lora_fake"": 1383596032, ""lora_student"": 1383596032}","{""cpu_copy_count"": 0, ""offloaded_logical_bytes"": 0, ""offloaded_storage_bytes"": 0, ""pack_count"": 0, ""unpack_count"": 0}"
2026-08-19 15:17:52.358,block_24_pre,1,24,pre,7363649536,18836619264,7363649536,0,22641246208,42298834944,9676800,0,0,"{""all"": 69047622144, ""frozen"": 66280430080, ""lora_fake"": 1383596032, ""lora_student"": 1383596032}","{""cpu_copy_count"": 0, ""offloaded_logical_bytes"": 0, ""offloaded_storage_bytes"": 0, ""pack_count"": 0, ""unpack_count"": 0}"
2026-08-19 15:17:52.701,block_24_post,1,24,post,6945381376,18836619264,6945381376,0,22641246208,42298834944,9676800,0,0,"{""all"": 69047622144, ""frozen"": 66280430080, ""lora_fake"": 1383596032, ""lora_student"": 1383596032}","{""cpu_copy_count"": 0, ""offloaded_logical_bytes"": 0, ""offloaded_storage_bytes"": 0, ""pack_count"": 0, ""unpack_count"": 0}"
2026-08-19 15:17:52.713,block_25_pre,1,25,pre,7363649536,18836619264,7363649536,0,22641246208,42298834944,9676800,0,0,"{""all"": 69047622144, ""frozen"": 66280430080, ""lora_fake"": 1383596032, ""lora_student"": 1383596032}","{""cpu_copy_count"": 0, ""offloaded_logical_bytes"": 0, ""offloaded_storage_bytes"": 0, ""pack_count"": 0, ""unpack_count"": 0}"
2026-08-19 15:17:53.055,block_25_post,1,25,post,6945381376,18836619264,6945381376,0,22641246208,42298834944,9676800,0,0,"{""all"": 69047622144, ""frozen"": 66280430080, ""lora_fake"": 1383596032, ""lora_student"": 1383596032}","{""cpu_copy_count"": 0, ""offloaded_logical_bytes"": 0, ""offloaded_storage_bytes"": 0, ""pack_count"": 0, ""unpack_count"": 0}"
2026-08-19 15:17:53.067,block_26_pre,1,26,pre,7363649536,18836619264,7363649536,0,22641246208,42298834944,9676800,0,0,"{""all"": 69047622144, ""frozen"": 66280430080, ""lora_fake"": 1383596032, ""lora_student"": 1383596032}","{""cpu_copy_count"": 0, ""offloaded_logical_bytes"": 0, ""offloaded_storage_bytes"": 0, ""pack_count"": 0, ""unpack_count"": 0}"
2026-08-19 15:17:53.411,block_26_post,1,26,post,6945381376,18836619264,6945381376,0,22641246208,42298834944,9676800,0,0,"{""all"": 69047622144, ""frozen"": 66280430080, ""lora_fake"": 1383596032, ""lora_student"": 1383596032}","{""cpu_copy_count"": 0, ""offloaded_logical_bytes"": 0, ""offloaded_storage_bytes"": 0, ""pack_count"": 0, ""unpack_count"": 0}"
2026-08-19 15:17:53.423,block_27_pre,1,27,pre,7363649536,18836619264,7363649536,0,22641246208,42298834944,9676800,0,0,"{""all"": 69047622144, ""frozen"": 66280430080, ""lora_fake"": 1383596032, ""lora_student"": 1383596032}","{""cpu_copy_count"": 0, ""offloaded_logical_bytes"": 0, ""offloaded_storage_bytes"": 0, ""pack_count"": 0, ""unpack_count"": 0}"
2026-08-19 15:17:53.767,block_27_post,1,27,post,6945381376,18836619264,6945381376,0,22641246208,42298834944,9676800,0,0,"{""all"": 69047622144, ""frozen"": 66280430080, ""lora_fake"": 1383596032, ""lora_student"": 1383596032}","{""cpu_copy_count"": 0, ""offloaded_logical_bytes"": 0, ""offloaded_storage_bytes"": 0, ""pack_count"": 0, ""unpack_count"": 0}"
2026-08-19 15:17:53.779,block_28_pre,1,28,pre,7363649536,18836619264,7363649536,0,22641246208,42298834944,9676800,0,0,"{""all"": 69047622144, ""frozen"": 66280430080, ""lora_fake"": 1383596032, ""lora_student"": 1383596032}","{""cpu_copy_count"": 0, ""offloaded_logical_bytes"": 0, ""offloaded_storage_bytes"": 0, ""pack_count"": 0, ""unpack_count"": 0}"
2026-08-19 15:17:54.120,block_28_post,1,28,post,6945381376,18836619264,6945381376,0,22641246208,42298834944,9676800,0,0,"{""all"": 69047622144, ""frozen"": 66280430080, ""lora_fake"": 1383596032, ""lora_student"": 1383596032}","{""cpu_copy_count"": 0, ""offloaded_logical_bytes"": 0, ""offloaded_storage_bytes"": 0, ""pack_count"": 0, ""unpack_count"": 0}"
2026-08-19 15:17:54.132,block_29_pre,1,29,pre,7363649536,18836619264,7363649536,0,22641246208,42298834944,9676800,0,0,"{""all"": 69047622144, ""frozen"": 66280430080, ""lora_fake"": 1383596032, ""lora_student"": 1383596032}","{""cpu_copy_count"": 0, ""offloaded_logical_bytes"": 0, ""offloaded_storage_bytes"": 0, ""pack_count"": 0, ""unpack_count"": 0}"
2026-08-19 15:17:54.476,block_29_post,1,29,post,6945381376,18836619264,6945381376,0,22641246208,42298834944,9676800,0,0,"{""all"": 69047622144, ""frozen"": 66280430080, ""lora_fake"": 1383596032, ""lora_student"": 1383596032}","{""cpu_copy_count"": 0, ""offloaded_logical_bytes"": 0, ""offloaded_storage_bytes"": 0, ""pack_count"": 0, ""unpack_count"": 0}"
2026-08-19 15:17:54.488,block_30_pre,1,30,pre,7363649536,18836619264,7363649536,0,22641246208,42298834944,9676800,0,0,"{""all"": 69047622144, ""frozen"": 66280430080, ""lora_fake"": 1383596032, ""lora_student"": 1383596032}","{""cpu_copy_count"": 0, ""offloaded_logical_bytes"": 0, ""offloaded_storage_bytes"": 0, ""pack_count"": 0, ""unpack_count"": 0}"
2026-08-19 15:17:54.831,block_30_post,1,30,post,6945381376,18836619264,6945381376,0,22641246208,42298834944,9676800,0,0,"{""all"": 69047622144, ""frozen"": 66280430080, ""lora_fake"": 1383596032, ""lora_student"": 1383596032}","{""cpu_copy_count"": 0, ""offloaded_logical_bytes"": 0, ""offloaded_storage_bytes"": 0, ""pack_count"": 0, ""unpack_count"": 0}"
2026-08-19 15:17:54.843,block_31_pre,1,31,pre,7363649536,18836619264,7363649536,0,22641246208,42298834944,9676800,0,0,"{""all"": 69047622144, ""frozen"": 66280430080, ""lora_fake"": 1383596032, ""lora_student"": 1383596032}","{""cpu_copy_count"": 0, ""offloaded_logical_bytes"": 0, ""offloaded_storage_bytes"": 0, ""pack_count"": 0, ""unpack_count"": 0}"
2026-08-19 15:17:55.189,block_31_post,1,31,post,6945381376,18836619264,6945381376,0,22641246208,42298834944,9676800,0,0,"{""all"": 69047622144, ""frozen"": 66280430080, ""lora_fake"": 1383596032, ""lora_student"": 1383596032}","{""cpu_copy_count"": 0, ""offloaded_logical_bytes"": 0, ""offloaded_storage_bytes"": 0, ""pack_count"": 0, ""unpack_count"": 0}"
2026-08-19 15:17:55.201,block_32_pre,1,32,pre,7363649536,18836619264,7363649536,0,22641246208,42298834944,9676800,0,0,"{""all"": 69047622144, ""frozen"": 66280430080, ""lora_fake"": 1383596032, ""lora_student"": 1383596032}","{""cpu_copy_count"": 0, ""offloaded_logical_bytes"": 0, ""offloaded_storage_bytes"": 0, ""pack_count"": 0, ""unpack_count"": 0}"
2026-08-19 15:17:55.542,block_32_post,1,32,post,6945381376,18836619264,6945381376,0,22641246208,42298834944,9676800,0,0,"{""all"": 69047622144, ""frozen"": 66280430080, ""lora_fake"": 1383596032, ""lora_student"": 1383596032}","{""cpu_copy_count"": 0, ""offloaded_logical_bytes"": 0, ""offloaded_storage_bytes"": 0, ""pack_count"": 0, ""unpack_count"": 0}"
2026-08-19 15:17:55.555,block_33_pre,1,33,pre,7363649536,18836619264,7363649536,0,22641246208,42298834944,9676800,0,0,"{""all"": 69047622144, ""frozen"": 66280430080, ""lora_fake"": 1383596032, ""lora_student"": 1383596032}","{""cpu_copy_count"": 0, ""offloaded_logical_bytes"": 0, ""offloaded_storage_bytes"": 0, ""pack_count"": 0, ""unpack_count"": 0}"
2026-08-19 15:17:55.899,block_33_post,1,33,post,6945381376,18836619264,6945381376,0,22641246208,42298834944,9676800,0,0,"{""all"": 69047622144, ""frozen"": 66280430080, ""lora_fake"": 1383596032, ""lora_student"": 1383596032}","{""cpu_copy_count"": 0, ""offloaded_logical_bytes"": 0, ""offloaded_storage_bytes"": 0, ""pack_count"": 0, ""unpack_count"": 0}"
2026-08-19 15:17:55.912,block_34_pre,1,34,pre,7363649536,18836619264,7363649536,0,22641246208,42298834944,9676800,0,0,"{""all"": 69047622144, ""frozen"": 66280430080, ""lora_fake"": 1383596032, ""lora_student"": 1383596032}","{""cpu_copy_count"": 0, ""offloaded_logical_bytes"": 0, ""offloaded_storage_bytes"": 0, ""pack_count"": 0, ""unpack_count"": 0}"
2026-08-19 15:17:56.257,block_34_post,1,34,post,6945381376,18836619264,6945381376,0,22641246208,42298834944,9676800,0,0,"{""all"": 69047622144, ""frozen"": 66280430080, ""lora_fake"": 1383596032, ""lora_student"": 1383596032}","{""cpu_copy_count"": 0, ""offloaded_logical_bytes"": 0, ""offloaded_storage_bytes"": 0, ""pack_count"": 0, ""unpack_count"": 0}"
2026-08-19 15:17:56.270,block_35_pre,1,35,pre,7363649536,18836619264,7363649536,0,22641246208,42298834944,9676800,0,0,"{""all"": 69047622144, ""frozen"": 66280430080, ""lora_fake"": 1383596032, ""lora_student"": 1383596032}","{""cpu_copy_count"": 0, ""offloaded_logical_bytes"": 0, ""offloaded_storage_bytes"": 0, ""pack_count"": 0, ""unpack_count"": 0}"
2026-08-19 15:17:56.611,block_35_post,1,35,post,6945381376,18836619264,6945381376,0,22641246208,42298834944,9676800,0,0,"{""all"": 69047622144, ""frozen"": 66280430080, ""lora_fake"": 1383596032, ""lora_student"": 1383596032}","{""cpu_copy_count"": 0, ""offloaded_logical_bytes"": 0, ""offloaded_storage_bytes"": 0, ""pack_count"": 0, ""unpack_count"": 0}"
2026-08-19 15:17:56.623,block_36_pre,1,36,pre,7363649536,18836619264,7363649536,0,22641246208,42298834944,9676800,0,0,"{""all"": 69047622144, ""frozen"": 66280430080, ""lora_fake"": 1383596032, ""lora_student"": 1383596032}","{""cpu_copy_count"": 0, ""offloaded_logical_bytes"": 0, ""offloaded_storage_bytes"": 0, ""pack_count"": 0, ""unpack_count"": 0}"
2026-08-19 15:17:56.966,block_36_post,1,36,post,6945381376,18836619264,6945381376,0,22641246208,42298834944,9676800,0,0,"{""all"": 69047622144, ""frozen"": 66280430080, ""lora_fake"": 1383596032, ""lora_student"": 1383596032}","{""cpu_copy_count"": 0, ""offloaded_logical_bytes"": 0, ""offloaded_storage_bytes"": 0, ""pack_count"": 0, ""unpack_count"": 0}"
2026-08-19 15:17:56.979,block_37_pre,1,37,pre,7363649536,18836619264,7363649536,0,22641246208,42298834944,9676800,0,0,"{""all"": 69047622144, ""frozen"": 66280430080, ""lora_fake"": 1383596032, ""lora_student"": 1383596032}","{""cpu_copy_count"": 0, ""offloaded_logical_bytes"": 0, ""offloaded_storage_bytes"": 0, ""pack_count"": 0, ""unpack_count"": 0}"
2026-08-19 15:17:57.320,block_37_post,1,37,post,6945381376,18836619264,6945381376,0,22641246208,42298834944,9676800,0,0,"{""all"": 69047622144, ""frozen"": 66280430080, ""lora_fake"": 1383596032, ""lora_student"": 1383596032}","{""cpu_copy_count"": 0, ""offloaded_logical_bytes"": 0, ""offloaded_storage_bytes"": 0, ""pack_count"": 0, ""unpack_count"": 0}"
2026-08-19 15:17:57.332,block_38_pre,1,38,pre,7363649536,18836619264,7363649536,0,22641246208,42298834944,9676800,0,0,"{""all"": 69047622144, ""frozen"": 66280430080, ""lora_fake"": 1383596032, ""lora_student"": 1383596032}","{""cpu_copy_count"": 0, ""offloaded_logical_bytes"": 0, ""offloaded_storage_bytes"": 0, ""pack_count"": 0, ""unpack_count"": 0}"
2026-08-19 15:17:57.677,block_38_post,1,38,post,6945381376,18836619264,6945381376,0,22641246208,42298834944,9676800,0,0,"{""all"": 69047622144, ""frozen"": 66280430080, ""lora_fake"": 1383596032, ""lora_student"": 1383596032}","{""cpu_copy_count"": 0, ""offloaded_logical_bytes"": 0, ""offloaded_storage_bytes"": 0, ""pack_count"": 0, ""unpack_count"": 0}"
2026-08-19 15:17:57.689,block_39_pre,1,39,pre,7363649536,18836619264,7363649536,0,22641246208,42298834944,9676800,0,0,"{""all"": 69047622144, ""frozen"": 66280430080, ""lora_fake"": 1383596032, ""lora_student"": 1383596032}","{""cpu_copy_count"": 0, ""offloaded_logical_bytes"": 0, ""offloaded_storage_bytes"": 0, ""pack_count"": 0, ""unpack_count"": 0}"
2026-08-19 15:17:58.032,block_39_post,1,39,post,6945381376,18836619264,6945381376,0,22641246208,42298834944,9676800,0,0,"{""all"": 69047622144, ""frozen"": 66280430080, ""lora_fake"": 1383596032, ""lora_student"": 1383596032}","{""cpu_copy_count"": 0, ""offloaded_logical_bytes"": 0, ""offloaded_storage_bytes"": 0, ""pack_count"": 0, ""unpack_count"": 0}"
2026-08-19 15:17:58.045,block_40_pre,1,40,pre,7363649536,18836619264,7363649536,0,22641246208,42298834944,9676800,0,0,"{""all"": 69047622144, ""frozen"": 66280430080, ""lora_fake"": 1383596032, ""lora_student"": 1383596032}","{""cpu_copy_count"": 0, ""offloaded_logical_bytes"": 0, ""offloaded_storage_bytes"": 0, ""pack_count"": 0, ""unpack_count"": 0}"
2026-08-19 15:17:58.390,block_40_post,1,40,post,6945381376,18836619264,6945381376,0,22641246208,42298834944,9676800,0,0,"{""all"": 69047622144, ""frozen"": 66280430080, ""lora_fake"": 1383596032, ""lora_student"": 1383596032}","{""cpu_copy_count"": 0, ""offloaded_logical_bytes"": 0, ""offloaded_storage_bytes"": 0, ""pack_count"": 0, ""unpack_count"": 0}"
2026-08-19 15:17:58.403,block_41_pre,1,41,pre,7363649536,18836619264,7363649536,0,22641246208,42298834944,9676800,0,0,"{""all"": 69047622144, ""frozen"": 66280430080, ""lora_fake"": 1383596032, ""lora_student"": 1383596032}","{""cpu_copy_count"": 0, ""offloaded_logical_bytes"": 0, ""offloaded_storage_bytes"": 0, ""pack_count"": 0, ""unpack_count"": 0}"
2026-08-19 15:17:58.746,block_41_post,1,41,post,6945381376,18836619264,6945381376,0,22641246208,42298834944,9676800,0,0,"{""all"": 69047622144, ""frozen"": 66280430080, ""lora_fake"": 1383596032, ""lora_student"": 1383596032}","{""cpu_copy_count"": 0, ""offloaded_logical_bytes"": 0, ""offloaded_storage_bytes"": 0, ""pack_count"": 0, ""unpack_count"": 0}"
2026-08-19 15:17:58.758,block_42_pre,1,42,pre,7363649536,18836619264,7363649536,0,22641246208,42298834944,9676800,0,0,"{""all"": 69047622144, ""frozen"": 66280430080, ""lora_fake"": 1383596032, ""lora_student"": 1383596032}","{""cpu_copy_count"": 0, ""offloaded_logical_bytes"": 0, ""offloaded_storage_bytes"": 0, ""pack_count"": 0, ""unpack_count"": 0}"
2026-08-19 15:17:59.104,block_42_post,1,42,post,6945381376,18836619264,6945381376,0,22641246208,42298834944,9676800,0,0,"{""all"": 69047622144, ""frozen"": 66280430080, ""lora_fake"": 1383596032, ""lora_student"": 1383596032}","{""cpu_copy_count"": 0, ""offloaded_logical_bytes"": 0, ""offloaded_storage_bytes"": 0, ""pack_count"": 0, ""unpack_count"": 0}"
2026-08-19 15:17:59.117,block_43_pre,1,43,pre,7363649536,18836619264,7363649536,0,22641246208,42298834944,9676800,0,0,"{""all"": 69047622144, ""frozen"": 66280430080, ""lora_fake"": 1383596032, ""lora_student"": 1383596032}","{""cpu_copy_count"": 0, ""offloaded_logical_bytes"": 0, ""offloaded_storage_bytes"": 0, ""pack_count"": 0, ""unpack_count"": 0}"
2026-08-19 15:17:59.461,block_43_post,1,43,post,6945381376,18836619264,6945381376,0,22641246208,42298834944,9676800,0,0,"{""all"": 69047622144, ""frozen"": 66280430080, ""lora_fake"": 1383596032, ""lora_student"": 1383596032}","{""cpu_copy_count"": 0, ""offloaded_logical_bytes"": 0, ""offloaded_storage_bytes"": 0, ""pack_count"": 0, ""unpack_count"": 0}"
2026-08-19 15:17:59.474,block_44_pre,1,44,pre,7363649536,18836619264,7363649536,0,22641246208,42298834944,9676800,0,0,"{""all"": 69047622144, ""frozen"": 66280430080, ""lora_fake"": 1383596032, ""lora_student"": 1383596032}","{""cpu_copy_count"": 0, ""offloaded_logical_bytes"": 0, ""offloaded_storage_bytes"": 0, ""pack_count"": 0, ""unpack_count"": 0}"
2026-08-19 15:17:59.819,block_44_post,1,44,post,6945381376,18836619264,6945381376,0,22641246208,42298834944,9676800,0,0,"{""all"": 69047622144, ""frozen"": 66280430080, ""lora_fake"": 1383596032, ""lora_student"": 1383596032}","{""cpu_copy_count"": 0, ""offloaded_logical_bytes"": 0, ""offloaded_storage_bytes"": 0, ""pack_count"": 0, ""unpack_count"": 0}"
2026-08-19 15:17:59.832,block_45_pre,1,45,pre,7363649536,18836619264,7363649536,0,22641246208,42298834944,9676800,0,0,"{""all"": 69047622144, ""frozen"": 66280430080, ""lora_fake"": 1383596032, ""lora_student"": 1383596032}","{""cpu_copy_count"": 0, ""offloaded_logical_bytes"": 0, ""offloaded_storage_bytes"": 0, ""pack_count"": 0, ""unpack_count"": 0}"
2026-08-19 15:18:00.176,block_45_post,1,45,post,6945381376,18836619264,6945381376,0,22641246208,42298834944,9676800,0,0,"{""all"": 69047622144, ""frozen"": 66280430080, ""lora_fake"": 1383596032, ""lora_student"": 1383596032}","{""cpu_copy_count"": 0, ""offloaded_logical_bytes"": 0, ""offloaded_storage_bytes"": 0, ""pack_count"": 0, ""unpack_count"": 0}"
2026-08-19 15:18:00.189,block_46_pre,1,46,pre,7363649536,18836619264,7363649536,0,22641246208,42298834944,9676800,0,0,"{""all"": 69047622144, ""frozen"": 66280430080, ""lora_fake"": 1383596032, ""lora_student"": 1383596032}","{""cpu_copy_count"": 0, ""offloaded_logical_bytes"": 0, ""offloaded_storage_bytes"": 0, ""pack_count"": 0, ""unpack_count"": 0}"
2026-08-19 15:18:00.535,block_46_post,1,46,post,6945381376,18836619264,6945381376,0,22641246208,42298834944,9676800,0,0,"{""all"": 69047622144, ""frozen"": 66280430080, ""lora_fake"": 1383596032, ""lora_student"": 1383596032}","{""cpu_copy_count"": 0, ""offloaded_logical_bytes"": 0, ""offloaded_storage_bytes"": 0, ""pack_count"": 0, ""unpack_count"": 0}"
2026-08-19 15:18:00.549,block_47_pre,1,47,pre,7363649536,18836619264,7363649536,0,22641246208,42298834944,9676800,0,0,"{""all"": 69047622144, ""frozen"": 66280430080, ""lora_fake"": 1383596032, ""lora_student"": 1383596032}","{""cpu_copy_count"": 0, ""offloaded_logical_bytes"": 0, ""offloaded_storage_bytes"": 0, ""pack_count"": 0, ""unpack_count"": 0}"
2026-08-19 15:18:00.890,block_47_post,1,47,post,6945381376,18836619264,6945381376,0,22641246208,42298834944,9676800,0,0,"{""all"": 69047622144, ""frozen"": 66280430080, ""lora_fake"": 1383596032, ""lora_student"": 1383596032}","{""cpu_copy_count"": 0, ""offloaded_logical_bytes"": 0, ""offloaded_storage_bytes"": 0, ""pack_count"": 0, ""unpack_count"": 0}"
2026-08-19 15:18:00.902,block_48_pre,1,48,pre,7363649536,18836619264,7363649536,0,22641246208,42298834944,9676800,0,0,"{""all"": 69047622144, ""frozen"": 66280430080, ""lora_fake"": 1383596032, ""lora_student"": 1383596032}","{""cpu_copy_count"": 0, ""offloaded_logical_bytes"": 0, ""offloaded_storage_bytes"": 0, ""pack_count"": 0, ""unpack_count"": 0}"
2026-08-19 15:18:01.247,block_48_post,1,48,post,6945381376,18836619264,6945381376,0,22641246208,42298834944,9676800,0,0,"{""all"": 69047622144, ""frozen"": 66280430080, ""lora_fake"": 1383596032, ""lora_student"": 1383596032}","{""cpu_copy_count"": 0, ""offloaded_logical_bytes"": 0, ""offloaded_storage_bytes"": 0, ""pack_count"": 0, ""unpack_count"": 0}"
2026-08-19 15:18:01.259,block_49_pre,1,49,pre,7363649536,18836619264,7363649536,0,22641246208,42298834944,9676800,0,0,"{""all"": 69047622144, ""frozen"": 66280430080, ""lora_fake"": 1383596032, ""lora_student"": 1383596032}","{""cpu_copy_count"": 0, ""offloaded_logical_bytes"": 0, ""offloaded_storage_bytes"": 0, ""pack_count"": 0, ""unpack_count"": 0}"
2026-08-19 15:18:01.606,block_49_post,1,49,post,6945381376,18836619264,6945381376,0,22641246208,42298834944,9676800,0,0,"{""all"": 69047622144, ""frozen"": 66280430080, ""lora_fake"": 1383596032, ""lora_student"": 1383596032}","{""cpu_copy_count"": 0, ""offloaded_logical_bytes"": 0, ""offloaded_storage_bytes"": 0, ""pack_count"": 0, ""unpack_count"": 0}"
2026-08-19 15:18:07.296,block_0_pre,2,0,pre,7411764736,18855493632,7411764736,0,22622371840,42298834944,29030400,0,0,"{""all"": 69047622144, ""frozen"": 66280430080, ""lora_fake"": 1383596032, ""lora_student"": 1383596032}","{""cpu_copy_count"": 0, ""offloaded_logical_bytes"": 0, ""offloaded_storage_bytes"": 0, ""pack_count"": 0, ""unpack_count"": 0}"
2026-08-19 15:18:07.310,block_0_post,2,0,post,6993496576,18855493632,6993496576,0,22622371840,42298834944,29030400,0,0,"{""all"": 69047622144, ""frozen"": 66280430080, ""lora_fake"": 1383596032, ""lora_student"": 1383596032}","{""cpu_copy_count"": 0, ""offloaded_logical_bytes"": 0, ""offloaded_storage_bytes"": 0, ""pack_count"": 0, ""unpack_count"": 0}"
2026-08-19 15:18:07.325,block_1_pre,2,1,pre,7411764736,18855493632,7411764736,0,22622371840,42298834944,29030400,0,0,"{""all"": 69047622144, ""frozen"": 66280430080, ""lora_fake"": 1383596032, ""lora_student"": 1383596032}","{""cpu_copy_count"": 0, ""offloaded_logical_bytes"": 0, ""offloaded_storage_bytes"": 0, ""pack_count"": 0, ""unpack_count"": 0}"
2026-08-19 15:18:07.338,block_1_post,2,1,post,6993496576,18855493632,6993496576,0,22622371840,42298834944,29030400,0,0,"{""all"": 69047622144, ""frozen"": 66280430080, ""lora_fake"": 1383596032, ""lora_student"": 1383596032}","{""cpu_copy_count"": 0, ""offloaded_logical_bytes"": 0, ""offloaded_storage_bytes"": 0, ""pack_count"": 0, ""unpack_count"": 0}"
2026-08-19 15:18:07.350,block_2_pre,2,2,pre,7411764736,18855493632,7411764736,0,22622371840,42298834944,29030400,0,0,"{""all"": 69047622144, ""frozen"": 66280430080, ""lora_fake"": 1383596032, ""lora_student"": 1383596032}","{""cpu_copy_count"": 0, ""offloaded_logical_bytes"": 0, ""offloaded_storage_bytes"": 0, ""pack_count"": 0, ""unpack_count"": 0}"
2026-08-19 15:18:07.363,block_2_post,2,2,post,6993496576,18855493632,6993496576,0,22622371840,42298834944,29030400,0,0,"{""all"": 69047622144, ""frozen"": 66280430080, ""lora_fake"": 1383596032, ""lora_student"": 1383596032}","{""cpu_copy_count"": 0, ""offloaded_logical_bytes"": 0, ""offloaded_storage_bytes"": 0, ""pack_count"": 0, ""unpack_count"": 0}"
2026-08-19 15:18:07.375,block_3_pre,2,3,pre,7411764736,18855493632,7411764736,0,22622371840,42298834944,29030400,0,0,"{""all"": 69047622144, ""frozen"": 66280430080, ""lora_fake"": 1383596032, ""lora_student"": 1383596032}","{""cpu_copy_count"": 0, ""offloaded_logical_bytes"": 0, ""offloaded_storage_bytes"": 0, ""pack_count"": 0, ""unpack_count"": 0}"
2026-08-19 15:18:07.392,block_3_post,2,3,post,6993496576,18939379712,6993496576,0,22538485760,42298834944,29030400,0,0,"{""all"": 69047622144, ""frozen"": 66280430080, ""lora_fake"": 1383596032, ""lora_student"": 1383596032}","{""cpu_copy_count"": 0, ""offloaded_logical_bytes"": 0, ""offloaded_storage_bytes"": 0, ""pack_count"": 0, ""unpack_count"": 0}"
2026-08-19 15:18:07.403,block_4_pre,2,4,pre,7411764736,18939379712,7411764736,0,22538485760,42298834944,29030400,0,0,"{""all"": 69047622144, ""frozen"": 66280430080, ""lora_fake"": 1383596032, ""lora_student"": 1383596032}","{""cpu_copy_count"": 0, ""offloaded_logical_bytes"": 0, ""offloaded_storage_bytes"": 0, ""pack_count"": 0, ""unpack_count"": 0}"
2026-08-19 15:18:07.417,block_4_post,2,4,post,6993496576,18939379712,6993496576,0,22538485760,42298834944,29030400,0,0,"{""all"": 69047622144, ""frozen"": 66280430080, ""lora_fake"": 1383596032, ""lora_student"": 1383596032}","{""cpu_copy_count"": 0, ""offloaded_logical_bytes"": 0, ""offloaded_storage_bytes"": 0, ""pack_count"": 0, ""unpack_count"": 0}"
2026-08-19 15:18:07.428,block_5_pre,2,5,pre,7411764736,18939379712,7411764736,0,22538485760,42298834944,29030400,0,0,"{""all"": 69047622144, ""frozen"": 66280430080, ""lora_fake"": 1383596032, ""lora_student"": 1383596032}","{""cpu_copy_count"": 0, ""offloaded_logical_bytes"": 0, ""offloaded_storage_bytes"": 0, ""pack_count"": 0, ""unpack_count"": 0}"
2026-08-19 15:18:07.441,block_5_post,2,5,post,6993496576,18939379712,6993496576,0,22538485760,42298834944,29030400,0,0,"{""all"": 69047622144, ""frozen"": 66280430080, ""lora_fake"": 1383596032, ""lora_student"": 1383596032}","{""cpu_copy_count"": 0, ""offloaded_logical_bytes"": 0, ""offloaded_storage_bytes"": 0, ""pack_count"": 0, ""unpack_count"": 0}"
2026-08-19 15:18:07.452,block_6_pre,2,6,pre,7411764736,18939379712,7411764736,0,22538485760,42298834944,29030400,0,0,"{""all"": 69047622144, ""frozen"": 66280430080, ""lora_fake"": 1383596032, ""lora_student"": 1383596032}","{""cpu_copy_count"": 0, ""offloaded_logical_bytes"": 0, ""offloaded_storage_bytes"": 0, ""pack_count"": 0, ""unpack_count"": 0}"
2026-08-19 15:18:07.465,block_6_post,2,6,post,6993496576,18939379712,6993496576,0,22538485760,42298834944,29030400,0,0,"{""all"": 69047622144, ""frozen"": 66280430080, ""lora_fake"": 1383596032, ""lora_student"": 1383596032}","{""cpu_copy_count"": 0, ""offloaded_logical_bytes"": 0, ""offloaded_storage_bytes"": 0, ""pack_count"": 0, ""unpack_count"": 0}"
2026-08-19 15:18:07.477,block_7_pre,2,7,pre,7411764736,18939379712,7411764736,0,22538485760,42298834944,29030400,0,0,"{""all"": 69047622144, ""frozen"": 66280430080, ""lora_fake"": 1383596032, ""lora_student"": 1383596032}","{""cpu_copy_count"": 0, ""offloaded_logical_bytes"": 0, ""offloaded_storage_bytes"": 0, ""pack_count"": 0, ""unpack_count"": 0}"
2026-08-19 15:18:07.490,block_7_post,2,7,post,6993496576,18939379712,6993496576,0,22538485760,42298834944,29030400,0,0,"{""all"": 69047622144, ""frozen"": 66280430080, ""lora_fake"": 1383596032, ""lora_student"": 1383596032}","{""cpu_copy_count"": 0, ""offloaded_logical_bytes"": 0, ""offloaded_storage_bytes"": 0, ""pack_count"": 0, ""unpack_count"": 0}"
2026-08-19 15:18:07.502,block_8_pre,2,8,pre,7411764736,18939379712,7411764736,0,22538485760,42298834944,29030400,0,0,"{""all"": 69047622144, ""frozen"": 66280430080, ""lora_fake"": 1383596032, ""lora_student"": 1383596032}","{""cpu_copy_count"": 0, ""offloaded_logical_bytes"": 0, ""offloaded_storage_bytes"": 0, ""pack_count"": 0, ""unpack_count"": 0}"
2026-08-19 15:18:07.514,block_8_post,2,8,post,6993496576,18939379712,6993496576,0,22538485760,42298834944,29030400,0,0,"{""all"": 69047622144, ""frozen"": 66280430080, ""lora_fake"": 1383596032, ""lora_student"": 1383596032}","{""cpu_copy_count"": 0, ""offloaded_logical_bytes"": 0, ""offloaded_storage_bytes"": 0, ""pack_count"": 0, ""unpack_count"": 0}"
2026-08-19 15:18:07.526,block_9_pre,2,9,pre,7411764736,18939379712,7411764736,0,22538485760,42298834944,29030400,0,0,"{""all"": 69047622144, ""frozen"": 66280430080, ""lora_fake"": 1383596032, ""lora_student"": 1383596032}","{""cpu_copy_count"": 0, ""offloaded_logical_bytes"": 0, ""offloaded_storage_bytes"": 0, ""pack_count"": 0, ""unpack_count"": 0}"
2026-08-19 15:18:07.538,block_9_post,2,9,post,6993496576,18939379712,6993496576,0,22538485760,42298834944,29030400,0,0,"{""all"": 69047622144, ""frozen"": 66280430080, ""lora_fake"": 1383596032, ""lora_student"": 1383596032}","{""cpu_copy_count"": 0, ""offloaded_logical_bytes"": 0, ""offloaded_storage_bytes"": 0, ""pack_count"": 0, ""unpack_count"": 0}"
2026-08-19 15:18:07.550,block_10_pre,2,10,pre,7411764736,18939379712,7411764736,0,22538485760,42298834944,29030400,0,0,"{""all"": 69047622144, ""frozen"": 66280430080, ""lora_fake"": 1383596032, ""lora_student"": 1383596032}","{""cpu_copy_count"": 0, ""offloaded_logical_bytes"": 0, ""offloaded_storage_bytes"": 0, ""pack_count"": 0, ""unpack_count"": 0}"
2026-08-19 15:18:07.563,block_10_post,2,10,post,6993496576,18939379712,6993496576,0,22538485760,42298834944,29030400,0,0,"{""all"": 69047622144, ""frozen"": 66280430080, ""lora_fake"": 1383596032, ""lora_student"": 1383596032}","{""cpu_copy_count"": 0, ""offloaded_logical_bytes"": 0, ""offloaded_storage_bytes"": 0, ""pack_count"": 0, ""unpack_count"": 0}"
2026-08-19 15:18:07.575,block_11_pre,2,11,pre,7411764736,18939379712,7411764736,0,22538485760,42298834944,29030400,0,0,"{""all"": 69047622144, ""frozen"": 66280430080, ""lora_fake"": 1383596032, ""lora_student"": 1383596032}","{""cpu_copy_count"": 0, ""offloaded_logical_bytes"": 0, ""offloaded_storage_bytes"": 0, ""pack_count"": 0, ""unpack_count"": 0}"
2026-08-19 15:18:07.588,block_11_post,2,11,post,6993496576,18939379712,6993496576,0,22538485760,42298834944,29030400,0,0,"{""all"": 69047622144, ""frozen"": 66280430080, ""lora_fake"": 1383596032, ""lora_student"": 1383596032}","{""cpu_copy_count"": 0, ""offloaded_logical_bytes"": 0, ""offloaded_storage_bytes"": 0, ""pack_count"": 0, ""unpack_count"": 0}"
2026-08-19 15:18:07.603,block_12_pre,2,12,pre,7411764736,18939379712,7411764736,0,22538485760,42298834944,29030400,0,0,"{""all"": 69047622144, ""frozen"": 66280430080, ""lora_fake"": 1383596032, ""lora_student"": 1383596032}","{""cpu_copy_count"": 0, ""offloaded_logical_bytes"": 0, ""offloaded_storage_bytes"": 0, ""pack_count"": 0, ""unpack_count"": 0}"
2026-08-19 15:18:07.615,block_12_post,2,12,post,6993496576,18939379712,6993496576,0,22538485760,42298834944,29030400,0,0,"{""all"": 69047622144, ""frozen"": 66280430080, ""lora_fake"": 1383596032, ""lora_student"": 1383596032}","{""cpu_copy_count"": 0, ""offloaded_logical_bytes"": 0, ""offloaded_storage_bytes"": 0, ""pack_count"": 0, ""unpack_count"": 0}"
2026-08-19 15:18:07.627,block_13_pre,2,13,pre,7411764736,18939379712,7411764736,0,22538485760,42298834944,29030400,0,0,"{""all"": 69047622144, ""frozen"": 66280430080, ""lora_fake"": 1383596032, ""lora_student"": 1383596032}","{""cpu_copy_count"": 0, ""offloaded_logical_bytes"": 0, ""offloaded_storage_bytes"": 0, ""pack_count"": 0, ""unpack_count"": 0}"
2026-08-19 15:18:07.640,block_13_post,2,13,post,6993496576,18939379712,6993496576,0,22538485760,42298834944,29030400,0,0,"{""all"": 69047622144, ""frozen"": 66280430080, ""lora_fake"": 1383596032, ""lora_student"": 1383596032}","{""cpu_copy_count"": 0, ""offloaded_logical_bytes"": 0, ""offloaded_storage_bytes"": 0, ""pack_count"": 0, ""unpack_count"": 0}"
2026-08-19 15:18:07.652,block_14_pre,2,14,pre,7411764736,18939379712,7411764736,0,22538485760,42298834944,29030400,0,0,"{""all"": 69047622144, ""frozen"": 66280430080, ""lora_fake"": 1383596032, ""lora_student"": 1383596032}","{""cpu_copy_count"": 0, ""offloaded_logical_bytes"": 0, ""offloaded_storage_bytes"": 0, ""pack_count"": 0, ""unpack_count"": 0}"
2026-08-19 15:18:07.719,block_14_post,2,14,post,6993496576,18939379712,6993496576,0,22538485760,42298834944,29030400,0,0,"{""all"": 69047622144, ""frozen"": 66280430080, ""lora_fake"": 1383596032, ""lora_student"": 1383596032}","{""cpu_copy_count"": 0, ""offloaded_logical_bytes"": 0, ""offloaded_storage_bytes"": 0, ""pack_count"": 0, ""unpack_count"": 0}"
2026-08-19 15:18:07.735,block_15_pre,2,15,pre,7411764736,18939379712,7411764736,0,22538485760,42298834944,29030400,0,0,"{""all"": 69047622144, ""frozen"": 66280430080, ""lora_fake"": 1383596032, ""lora_student"": 1383596032}","{""cpu_copy_count"": 0, ""offloaded_logical_bytes"": 0, ""offloaded_storage_bytes"": 0, ""pack_count"": 0, ""unpack_count"": 0}"
2026-08-19 15:18:08.070,block_15_post,2,15,post,6993496576,18939379712,6993496576,0,22538485760,42298834944,29030400,0,0,"{""all"": 69047622144, ""frozen"": 66280430080, ""lora_fake"": 1383596032, ""lora_student"": 1383596032}","{""cpu_copy_count"": 0, ""offloaded_logical_bytes"": 0, ""offloaded_storage_bytes"": 0, ""pack_count"": 0, ""unpack_count"": 0}"
2026-08-19 15:18:08.082,block_16_pre,2,16,pre,7411764736,18939379712,7411764736,0,22538485760,42298834944,29030400,0,0,"{""all"": 69047622144, ""frozen"": 66280430080, ""lora_fake"": 1383596032, ""lora_student"": 1383596032}","{""cpu_copy_count"": 0, ""offloaded_logical_bytes"": 0, ""offloaded_storage_bytes"": 0, ""pack_count"": 0, ""unpack_count"": 0}"
2026-08-19 15:18:08.418,block_16_post,2,16,post,6993496576,18939379712,6993496576,0,22538485760,42298834944,29030400,0,0,"{""all"": 69047622144, ""frozen"": 66280430080, ""lora_fake"": 1383596032, ""lora_student"": 1383596032}","{""cpu_copy_count"": 0, ""offloaded_logical_bytes"": 0, ""offloaded_storage_bytes"": 0, ""pack_count"": 0, ""unpack_count"": 0}"
2026-08-19 15:18:08.430,block_17_pre,2,17,pre,7411764736,18939379712,7411764736,0,22538485760,42298834944,29030400,0,0,"{""all"": 69047622144, ""frozen"": 66280430080, ""lora_fake"": 1383596032, ""lora_student"": 1383596032}","{""cpu_copy_count"": 0, ""offloaded_logical_bytes"": 0, ""offloaded_storage_bytes"": 0, ""pack_count"": 0, ""unpack_count"": 0}"
2026-08-19 15:18:08.769,block_17_post,2,17,post,6993496576,18939379712,6993496576,0,22538485760,42298834944,29030400,0,0,"{""all"": 69047622144, ""frozen"": 66280430080, ""lora_fake"": 1383596032, ""lora_student"": 1383596032}","{""cpu_copy_count"": 0, ""offloaded_logical_bytes"": 0, ""offloaded_storage_bytes"": 0, ""pack_count"": 0, ""unpack_count"": 0}"
2026-08-19 15:18:08.780,block_18_pre,2,18,pre,7411764736,18939379712,7411764736,0,22538485760,42298834944,29030400,0,0,"{""all"": 69047622144, ""frozen"": 66280430080, ""lora_fake"": 1383596032, ""lora_student"": 1383596032}","{""cpu_copy_count"": 0, ""offloaded_logical_bytes"": 0, ""offloaded_storage_bytes"": 0, ""pack_count"": 0, ""unpack_count"": 0}"
2026-08-19 15:18:09.122,block_18_post,2,18,post,6993496576,18939379712,6993496576,0,22538485760,42298834944,29030400,0,0,"{""all"": 69047622144, ""frozen"": 66280430080, ""lora_fake"": 1383596032, ""lora_student"": 1383596032}","{""cpu_copy_count"": 0, ""offloaded_logical_bytes"": 0, ""offloaded_storage_bytes"": 0, ""pack_count"": 0, ""unpack_count"": 0}"
2026-08-19 15:18:09.133,block_19_pre,2,19,pre,7411764736,18939379712,7411764736,0,22538485760,42298834944,29030400,0,0,"{""all"": 69047622144, ""frozen"": 66280430080, ""lora_fake"": 1383596032, ""lora_student"": 1383596032}","{""cpu_copy_count"": 0, ""offloaded_logical_bytes"": 0, ""offloaded_storage_bytes"": 0, ""pack_count"": 0, ""unpack_count"": 0}"
2026-08-19 15:18:09.475,block_19_post,2,19,post,6993496576,18939379712,6993496576,0,22538485760,42298834944,29030400,0,0,"{""all"": 69047622144, ""frozen"": 66280430080, ""lora_fake"": 1383596032, ""lora_student"": 1383596032}","{""cpu_copy_count"": 0, ""offloaded_logical_bytes"": 0, ""offloaded_storage_bytes"": 0, ""pack_count"": 0, ""unpack_count"": 0}"
2026-08-19 15:18:09.486,block_20_pre,2,20,pre,7411764736,18939379712,7411764736,0,22538485760,42298834944,29030400,0,0,"{""all"": 69047622144, ""frozen"": 66280430080, ""lora_fake"": 1383596032, ""lora_student"": 1383596032}","{""cpu_copy_count"": 0, ""offloaded_logical_bytes"": 0, ""offloaded_storage_bytes"": 0, ""pack_count"": 0, ""unpack_count"": 0}"
2026-08-19 15:18:09.832,block_20_post,2,20,post,6993496576,18939379712,6993496576,0,22538485760,42298834944,29030400,0,0,"{""all"": 69047622144, ""frozen"": 66280430080, ""lora_fake"": 1383596032, ""lora_student"": 1383596032}","{""cpu_copy_count"": 0, ""offloaded_logical_bytes"": 0, ""offloaded_storage_bytes"": 0, ""pack_count"": 0, ""unpack_count"": 0}"
2026-08-19 15:18:09.843,block_21_pre,2,21,pre,7411764736,18939379712,7411764736,0,22538485760,42298834944,29030400,0,0,"{""all"": 69047622144, ""frozen"": 66280430080, ""lora_fake"": 1383596032, ""lora_student"": 1383596032}","{""cpu_copy_count"": 0, ""offloaded_logical_bytes"": 0, ""offloaded_storage_bytes"": 0, ""pack_count"": 0, ""unpack_count"": 0}"
2026-08-19 15:18:10.185,block_21_post,2,21,post,6993496576,18939379712,6993496576,0,22538485760,42298834944,29030400,0,0,"{""all"": 69047622144, ""frozen"": 66280430080, ""lora_fake"": 1383596032, ""lora_student"": 1383596032}","{""cpu_copy_count"": 0, ""offloaded_logical_bytes"": 0, ""offloaded_storage_bytes"": 0, ""pack_count"": 0, ""unpack_count"": 0}"
2026-08-19 15:18:10.197,block_22_pre,2,22,pre,7411764736,18939379712,7411764736,0,22538485760,42298834944,29030400,0,0,"{""all"": 69047622144, ""frozen"": 66280430080, ""lora_fake"": 1383596032, ""lora_student"": 1383596032}","{""cpu_copy_count"": 0, ""offloaded_logical_bytes"": 0, ""offloaded_storage_bytes"": 0, ""pack_count"": 0, ""unpack_count"": 0}"
2026-08-19 15:18:10.541,block_22_post,2,22,post,6993496576,18939379712,6993496576,0,22538485760,42298834944,29030400,0,0,"{""all"": 69047622144, ""frozen"": 66280430080, ""lora_fake"": 1383596032, ""lora_student"": 1383596032}","{""cpu_copy_count"": 0, ""offloaded_logical_bytes"": 0, ""offloaded_storage_bytes"": 0, ""pack_count"": 0, ""unpack_count"": 0}"
2026-08-19 15:18:10.552,block_23_pre,2,23,pre,7411764736,18939379712,7411764736,0,22538485760,42298834944,29030400,0,0,"{""all"": 69047622144, ""frozen"": 66280430080, ""lora_fake"": 1383596032, ""lora_student"": 1383596032}","{""cpu_copy_count"": 0, ""offloaded_logical_bytes"": 0, ""offloaded_storage_bytes"": 0, ""pack_count"": 0, ""unpack_count"": 0}"
2026-08-19 15:18:10.897,block_23_post,2,23,post,6993496576,18939379712,6993496576,0,22538485760,42298834944,29030400,0,0,"{""all"": 69047622144, ""frozen"": 66280430080, ""lora_fake"": 1383596032, ""lora_student"": 1383596032}","{""cpu_copy_count"": 0, ""offloaded_logical_bytes"": 0, ""offloaded_storage_bytes"": 0, ""pack_count"": 0, ""unpack_count"": 0}"
2026-08-19 15:18:10.909,block_24_pre,2,24,pre,7411764736,18939379712,7411764736,0,22538485760,42298834944,29030400,0,0,"{""all"": 69047622144, ""frozen"": 66280430080, ""lora_fake"": 1383596032, ""lora_student"": 1383596032}","{""cpu_copy_count"": 0, ""offloaded_logical_bytes"": 0, ""offloaded_storage_bytes"": 0, ""pack_count"": 0, ""unpack_count"": 0}"
2026-08-19 15:18:11.253,block_24_post,2,24,post,6993496576,18939379712,6993496576,0,22538485760,42298834944,29030400,0,0,"{""all"": 69047622144, ""frozen"": 66280430080, ""lora_fake"": 1383596032, ""lora_student"": 1383596032}","{""cpu_copy_count"": 0, ""offloaded_logical_bytes"": 0, ""offloaded_storage_bytes"": 0, ""pack_count"": 0, ""unpack_count"": 0}"
2026-08-19 15:18:11.265,block_25_pre,2,25,pre,7411764736,18939379712,7411764736,0,22538485760,42298834944,29030400,0,0,"{""all"": 69047622144, ""frozen"": 66280430080, ""lora_fake"": 1383596032, ""lora_student"": 1383596032}","{""cpu_copy_count"": 0, ""offloaded_logical_bytes"": 0, ""offloaded_storage_bytes"": 0, ""pack_count"": 0, ""unpack_count"": 0}"
2026-08-19 15:18:11.610,block_25_post,2,25,post,6993496576,18939379712,6993496576,0,22538485760,42298834944,29030400,0,0,"{""all"": 69047622144, ""frozen"": 66280430080, ""lora_fake"": 1383596032, ""lora_student"": 1383596032}","{""cpu_copy_count"": 0, ""offloaded_logical_bytes"": 0, ""offloaded_storage_bytes"": 0, ""pack_count"": 0, ""unpack_count"": 0}"
2026-08-19 15:18:11.621,block_26_pre,2,26,pre,7411764736,18939379712,7411764736,0,22538485760,42298834944,29030400,0,0,"{""all"": 69047622144, ""frozen"": 66280430080, ""lora_fake"": 1383596032, ""lora_student"": 1383596032}","{""cpu_copy_count"": 0, ""offloaded_logical_bytes"": 0, ""offloaded_storage_bytes"": 0, ""pack_count"": 0, ""unpack_count"": 0}"
2026-08-19 15:18:11.966,block_26_post,2,26,post,6993496576,18939379712,6993496576,0,22538485760,42298834944,29030400,0,0,"{""all"": 69047622144, ""frozen"": 66280430080, ""lora_fake"": 1383596032, ""lora_student"": 1383596032}","{""cpu_copy_count"": 0, ""offloaded_logical_bytes"": 0, ""offloaded_storage_bytes"": 0, ""pack_count"": 0, ""unpack_count"": 0}"
2026-08-19 15:18:11.978,block_27_pre,2,27,pre,7411764736,18939379712,7411764736,0,22538485760,42298834944,29030400,0,0,"{""all"": 69047622144, ""frozen"": 66280430080, ""lora_fake"": 1383596032, ""lora_student"": 1383596032}","{""cpu_copy_count"": 0, ""offloaded_logical_bytes"": 0, ""offloaded_storage_bytes"": 0, ""pack_count"": 0, ""unpack_count"": 0}"
2026-08-19 15:18:12.322,block_27_post,2,27,post,6993496576,18939379712,6993496576,0,22538485760,42298834944,29030400,0,0,"{""all"": 69047622144, ""frozen"": 66280430080, ""lora_fake"": 1383596032, ""lora_student"": 1383596032}","{""cpu_copy_count"": 0, ""offloaded_logical_bytes"": 0, ""offloaded_storage_bytes"": 0, ""pack_count"": 0, ""unpack_count"": 0}"
2026-08-19 15:18:12.334,block_28_pre,2,28,pre,7411764736,18939379712,7411764736,0,22538485760,42298834944,29030400,0,0,"{""all"": 69047622144, ""frozen"": 66280430080, ""lora_fake"": 1383596032, ""lora_student"": 1383596032}","{""cpu_copy_count"": 0, ""offloaded_logical_bytes"": 0, ""offloaded_storage_bytes"": 0, ""pack_count"": 0, ""unpack_count"": 0}"
2026-08-19 15:18:12.680,block_28_post,2,28,post,6993496576,18939379712,6993496576,0,22538485760,42298834944,29030400,0,0,"{""all"": 69047622144, ""frozen"": 66280430080, ""lora_fake"": 1383596032, ""lora_student"": 1383596032}","{""cpu_copy_count"": 0, ""offloaded_logical_bytes"": 0, ""offloaded_storage_bytes"": 0, ""pack_count"": 0, ""unpack_count"": 0}"
2026-08-19 15:18:12.693,block_29_pre,2,29,pre,7411764736,18939379712,7411764736,0,22538485760,42298834944,29030400,0,0,"{""all"": 69047622144, ""frozen"": 66280430080, ""lora_fake"": 1383596032, ""lora_student"": 1383596032}","{""cpu_copy_count"": 0, ""offloaded_logical_bytes"": 0, ""offloaded_storage_bytes"": 0, ""pack_count"": 0, ""unpack_count"": 0}"
2026-08-19 15:18:13.035,block_29_post,2,29,post,6993496576,18939379712,6993496576,0,22538485760,42298834944,29030400,0,0,"{""all"": 69047622144, ""frozen"": 66280430080, ""lora_fake"": 1383596032, ""lora_student"": 1383596032}","{""cpu_copy_count"": 0, ""offloaded_logical_bytes"": 0, ""offloaded_storage_bytes"": 0, ""pack_count"": 0, ""unpack_count"": 0}"
2026-08-19 15:18:13.048,block_30_pre,2,30,pre,7411764736,18939379712,7411764736,0,22538485760,42298834944,29030400,0,0,"{""all"": 69047622144, ""frozen"": 66280430080, ""lora_fake"": 1383596032, ""lora_student"": 1383596032}","{""cpu_copy_count"": 0, ""offloaded_logical_bytes"": 0, ""offloaded_storage_bytes"": 0, ""pack_count"": 0, ""unpack_count"": 0}"
2026-08-19 15:18:13.394,block_30_post,2,30,post,6993496576,18939379712,6993496576,0,22538485760,42298834944,29030400,0,0,"{""all"": 69047622144, ""frozen"": 66280430080, ""lora_fake"": 1383596032, ""lora_student"": 1383596032}","{""cpu_copy_count"": 0, ""offloaded_logical_bytes"": 0, ""offloaded_storage_bytes"": 0, ""pack_count"": 0, ""unpack_count"": 0}"
2026-08-19 15:18:13.406,block_31_pre,2,31,pre,7411764736,18939379712,7411764736,0,22538485760,42298834944,29030400,0,0,"{""all"": 69047622144, ""frozen"": 66280430080, ""lora_fake"": 1383596032, ""lora_student"": 1383596032}","{""cpu_copy_count"": 0, ""offloaded_logical_bytes"": 0, ""offloaded_storage_bytes"": 0, ""pack_count"": 0, ""unpack_count"": 0}"
2026-08-19 15:18:13.752,block_31_post,2,31,post,6993496576,18939379712,6993496576,0,22538485760,42298834944,29030400,0,0,"{""all"": 69047622144, ""frozen"": 66280430080, ""lora_fake"": 1383596032, ""lora_student"": 1383596032}","{""cpu_copy_count"": 0, ""offloaded_logical_bytes"": 0, ""offloaded_storage_bytes"": 0, ""pack_count"": 0, ""unpack_count"": 0}"
2026-08-19 15:18:13.764,block_32_pre,2,32,pre,7411764736,18939379712,7411764736,0,22538485760,42298834944,29030400,0,0,"{""all"": 69047622144, ""frozen"": 66280430080, ""lora_fake"": 1383596032, ""lora_student"": 1383596032}","{""cpu_copy_count"": 0, ""offloaded_logical_bytes"": 0, ""offloaded_storage_bytes"": 0, ""pack_count"": 0, ""unpack_count"": 0}"
2026-08-19 15:18:14.109,block_32_post,2,32,post,6993496576,18939379712,6993496576,0,22538485760,42298834944,29030400,0,0,"{""all"": 69047622144, ""frozen"": 66280430080, ""lora_fake"": 1383596032, ""lora_student"": 1383596032}","{""cpu_copy_count"": 0, ""offloaded_logical_bytes"": 0, ""offloaded_storage_bytes"": 0, ""pack_count"": 0, ""unpack_count"": 0}"
2026-08-19 15:18:14.120,block_33_pre,2,33,pre,7411764736,18939379712,7411764736,0,22538485760,42298834944,29030400,0,0,"{""all"": 69047622144, ""frozen"": 66280430080, ""lora_fake"": 1383596032, ""lora_student"": 1383596032}","{""cpu_copy_count"": 0, ""offloaded_logical_bytes"": 0, ""offloaded_storage_bytes"": 0, ""pack_count"": 0, ""unpack_count"": 0}"
2026-08-19 15:18:14.468,block_33_post,2,33,post,6993496576,18939379712,6993496576,0,22538485760,42298834944,29030400,0,0,"{""all"": 69047622144, ""frozen"": 66280430080, ""lora_fake"": 1383596032, ""lora_student"": 1383596032}","{""cpu_copy_count"": 0, ""offloaded_logical_bytes"": 0, ""offloaded_storage_bytes"": 0, ""pack_count"": 0, ""unpack_count"": 0}"
2026-08-19 15:18:14.479,block_34_pre,2,34,pre,7411764736,18939379712,7411764736,0,22538485760,42298834944,29030400,0,0,"{""all"": 69047622144, ""frozen"": 66280430080, ""lora_fake"": 1383596032, ""lora_student"": 1383596032}","{""cpu_copy_count"": 0, ""offloaded_logical_bytes"": 0, ""offloaded_storage_bytes"": 0, ""pack_count"": 0, ""unpack_count"": 0}"
2026-08-19 15:18:14.822,block_34_post,2,34,post,6993496576,18939379712,6993496576,0,22538485760,42298834944,29030400,0,0,"{""all"": 69047622144, ""frozen"": 66280430080, ""lora_fake"": 1383596032, ""lora_student"": 1383596032}","{""cpu_copy_count"": 0, ""offloaded_logical_bytes"": 0, ""offloaded_storage_bytes"": 0, ""pack_count"": 0, ""unpack_count"": 0}"
2026-08-19 15:18:14.835,block_35_pre,2,35,pre,7411764736,18939379712,7411764736,0,22538485760,42298834944,29030400,0,0,"{""all"": 69047622144, ""frozen"": 66280430080, ""lora_fake"": 1383596032, ""lora_student"": 1383596032}","{""cpu_copy_count"": 0, ""offloaded_logical_bytes"": 0, ""offloaded_storage_bytes"": 0, ""pack_count"": 0, ""unpack_count"": 0}"
2026-08-19 15:18:15.180,block_35_post,2,35,post,6993496576,18939379712,6993496576,0,22538485760,42298834944,29030400,0,0,"{""all"": 69047622144, ""frozen"": 66280430080, ""lora_fake"": 1383596032, ""lora_student"": 1383596032}","{""cpu_copy_count"": 0, ""offloaded_logical_bytes"": 0, ""offloaded_storage_bytes"": 0, ""pack_count"": 0, ""unpack_count"": 0}"
2026-08-19 15:18:15.192,block_36_pre,2,36,pre,7411764736,18939379712,7411764736,0,22538485760,42298834944,29030400,0,0,"{""all"": 69047622144, ""frozen"": 66280430080, ""lora_fake"": 1383596032, ""lora_student"": 1383596032}","{""cpu_copy_count"": 0, ""offloaded_logical_bytes"": 0, ""offloaded_storage_bytes"": 0, ""pack_count"": 0, ""unpack_count"": 0}"
2026-08-19 15:18:15.538,block_36_post,2,36,post,6993496576,18939379712,6993496576,0,22538485760,42298834944,29030400,0,0,"{""all"": 69047622144, ""frozen"": 66280430080, ""lora_fake"": 1383596032, ""lora_student"": 1383596032}","{""cpu_copy_count"": 0, ""offloaded_logical_bytes"": 0, ""offloaded_storage_bytes"": 0, ""pack_count"": 0, ""unpack_count"": 0}"
2026-08-19 15:18:15.549,block_37_pre,2,37,pre,7411764736,18939379712,7411764736,0,22538485760,42298834944,29030400,0,0,"{""all"": 69047622144, ""frozen"": 66280430080, ""lora_fake"": 1383596032, ""lora_student"": 1383596032}","{""cpu_copy_count"": 0, ""offloaded_logical_bytes"": 0, ""offloaded_storage_bytes"": 0, ""pack_count"": 0, ""unpack_count"": 0}"
2026-08-19 15:18:15.897,block_37_post,2,37,post,6993496576,18939379712,6993496576,0,22538485760,42298834944,29030400,0,0,"{""all"": 69047622144, ""frozen"": 66280430080, ""lora_fake"": 1383596032, ""lora_student"": 1383596032}","{""cpu_copy_count"": 0, ""offloaded_logical_bytes"": 0, ""offloaded_storage_bytes"": 0, ""pack_count"": 0, ""unpack_count"": 0}"
2026-08-19 15:18:15.908,block_38_pre,2,38,pre,7411764736,18939379712,7411764736,0,22538485760,42298834944,29030400,0,0,"{""all"": 69047622144, ""frozen"": 66280430080, ""lora_fake"": 1383596032, ""lora_student"": 1383596032}","{""cpu_copy_count"": 0, ""offloaded_logical_bytes"": 0, ""offloaded_storage_bytes"": 0, ""pack_count"": 0, ""unpack_count"": 0}"
2026-08-19 15:18:16.254,block_38_post,2,38,post,6993496576,18939379712,6993496576,0,22538485760,42298834944,29030400,0,0,"{""all"": 69047622144, ""frozen"": 66280430080, ""lora_fake"": 1383596032, ""lora_student"": 1383596032}","{""cpu_copy_count"": 0, ""offloaded_logical_bytes"": 0, ""offloaded_storage_bytes"": 0, ""pack_count"": 0, ""unpack_count"": 0}"
2026-08-19 15:18:16.266,block_39_pre,2,39,pre,7411764736,18939379712,7411764736,0,22538485760,42298834944,29030400,0,0,"{""all"": 69047622144, ""frozen"": 66280430080, ""lora_fake"": 1383596032, ""lora_student"": 1383596032}","{""cpu_copy_count"": 0, ""offloaded_logical_bytes"": 0, ""offloaded_storage_bytes"": 0, ""pack_count"": 0, ""unpack_count"": 0}"
2026-08-19 15:18:16.613,block_39_post,2,39,post,6993496576,18939379712,6993496576,0,22538485760,42298834944,29030400,0,0,"{""all"": 69047622144, ""frozen"": 66280430080, ""lora_fake"": 1383596032, ""lora_student"": 1383596032}","{""cpu_copy_count"": 0, ""offloaded_logical_bytes"": 0, ""offloaded_storage_bytes"": 0, ""pack_count"": 0, ""unpack_count"": 0}"
2026-08-19 15:18:16.625,block_40_pre,2,40,pre,7411764736,18939379712,7411764736,0,22538485760,42298834944,29030400,0,0,"{""all"": 69047622144, ""frozen"": 66280430080, ""lora_fake"": 1383596032, ""lora_student"": 1383596032}","{""cpu_copy_count"": 0, ""offloaded_logical_bytes"": 0, ""offloaded_storage_bytes"": 0, ""pack_count"": 0, ""unpack_count"": 0}"
2026-08-19 15:18:16.973,block_40_post,2,40,post,6993496576,18939379712,6993496576,0,22538485760,42298834944,29030400,0,0,"{""all"": 69047622144, ""frozen"": 66280430080, ""lora_fake"": 1383596032, ""lora_student"": 1383596032}","{""cpu_copy_count"": 0, ""offloaded_logical_bytes"": 0, ""offloaded_storage_bytes"": 0, ""pack_count"": 0, ""unpack_count"": 0}"
2026-08-19 15:18:16.986,block_41_pre,2,41,pre,7411764736,18939379712,7411764736,0,22538485760,42298834944,29030400,0,0,"{""all"": 69047622144, ""frozen"": 66280430080, ""lora_fake"": 1383596032, ""lora_student"": 1383596032}","{""cpu_copy_count"": 0, ""offloaded_logical_bytes"": 0, ""offloaded_storage_bytes"": 0, ""pack_count"": 0, ""unpack_count"": 0}"
2026-08-19 15:18:17.332,block_41_post,2,41,post,6993496576,18939379712,6993496576,0,22538485760,42298834944,29030400,0,0,"{""all"": 69047622144, ""frozen"": 66280430080, ""lora_fake"": 1383596032, ""lora_student"": 1383596032}","{""cpu_copy_count"": 0, ""offloaded_logical_bytes"": 0, ""offloaded_storage_bytes"": 0, ""pack_count"": 0, ""unpack_count"": 0}"
2026-08-19 15:18:17.344,block_42_pre,2,42,pre,7411764736,18939379712,7411764736,0,22538485760,42298834944,29030400,0,0,"{""all"": 69047622144, ""frozen"": 66280430080, ""lora_fake"": 1383596032, ""lora_student"": 1383596032}","{""cpu_copy_count"": 0, ""offloaded_logical_bytes"": 0, ""offloaded_storage_bytes"": 0, ""pack_count"": 0, ""unpack_count"": 0}"
2026-08-19 15:18:17.689,block_42_post,2,42,post,6993496576,18939379712,6993496576,0,22538485760,42298834944,29030400,0,0,"{""all"": 69047622144, ""frozen"": 66280430080, ""lora_fake"": 1383596032, ""lora_student"": 1383596032}","{""cpu_copy_count"": 0, ""offloaded_logical_bytes"": 0, ""offloaded_storage_bytes"": 0, ""pack_count"": 0, ""unpack_count"": 0}"
2026-08-19 15:18:17.701,block_43_pre,2,43,pre,7411764736,18939379712,7411764736,0,22538485760,42298834944,29030400,0,0,"{""all"": 69047622144, ""frozen"": 66280430080, ""lora_fake"": 1383596032, ""lora_student"": 1383596032}","{""cpu_copy_count"": 0, ""offloaded_logical_bytes"": 0, ""offloaded_storage_bytes"": 0, ""pack_count"": 0, ""unpack_count"": 0}"
2026-08-19 15:18:18.048,block_43_post,2,43,post,6993496576,18939379712,6993496576,0,22538485760,42298834944,29030400,0,0,"{""all"": 69047622144, ""frozen"": 66280430080, ""lora_fake"": 1383596032, ""lora_student"": 1383596032}","{""cpu_copy_count"": 0, ""offloaded_logical_bytes"": 0, ""offloaded_storage_bytes"": 0, ""pack_count"": 0, ""unpack_count"": 0}"
2026-08-19 15:18:18.059,block_44_pre,2,44,pre,7411764736,18939379712,7411764736,0,22538485760,42298834944,29030400,0,0,"{""all"": 69047622144, ""frozen"": 66280430080, ""lora_fake"": 1383596032, ""lora_student"": 1383596032}","{""cpu_copy_count"": 0, ""offloaded_logical_bytes"": 0, ""offloaded_storage_bytes"": 0, ""pack_count"": 0, ""unpack_count"": 0}"
2026-08-19 15:18:18.406,block_44_post,2,44,post,6993496576,18939379712,6993496576,0,22538485760,42298834944,29030400,0,0,"{""all"": 69047622144, ""frozen"": 66280430080, ""lora_fake"": 1383596032, ""lora_student"": 1383596032}","{""cpu_copy_count"": 0, ""offloaded_logical_bytes"": 0, ""offloaded_storage_bytes"": 0, ""pack_count"": 0, ""unpack_count"": 0}"
2026-08-19 15:18:18.418,block_45_pre,2,45,pre,7411764736,18939379712,7411764736,0,22538485760,42298834944,29030400,0,0,"{""all"": 69047622144, ""frozen"": 66280430080, ""lora_fake"": 1383596032, ""lora_student"": 1383596032}","{""cpu_copy_count"": 0, ""offloaded_logical_bytes"": 0, ""offloaded_storage_bytes"": 0, ""pack_count"": 0, ""unpack_count"": 0}"
2026-08-19 15:18:18.765,block_45_post,2,45,post,6993496576,18939379712,6993496576,0,22538485760,42298834944,29030400,0,0,"{""all"": 69047622144, ""frozen"": 66280430080, ""lora_fake"": 1383596032, ""lora_student"": 1383596032}","{""cpu_copy_count"": 0, ""offloaded_logical_bytes"": 0, ""offloaded_storage_bytes"": 0, ""pack_count"": 0, ""unpack_count"": 0}"
2026-08-19 15:18:18.778,block_46_pre,2,46,pre,7411764736,18939379712,7411764736,0,22538485760,42298834944,29030400,0,0,"{""all"": 69047622144, ""frozen"": 66280430080, ""lora_fake"": 1383596032, ""lora_student"": 1383596032}","{""cpu_copy_count"": 0, ""offloaded_logical_bytes"": 0, ""offloaded_storage_bytes"": 0, ""pack_count"": 0, ""unpack_count"": 0}"
2026-08-19 15:18:19.124,block_46_post,2,46,post,6993496576,18939379712,6993496576,0,22538485760,42298834944,29030400,0,0,"{""all"": 69047622144, ""frozen"": 66280430080, ""lora_fake"": 1383596032, ""lora_student"": 1383596032}","{""cpu_copy_count"": 0, ""offloaded_logical_bytes"": 0, ""offloaded_storage_bytes"": 0, ""pack_count"": 0, ""unpack_count"": 0}"
2026-08-19 15:18:19.135,block_47_pre,2,47,pre,7411764736,18939379712,7411764736,0,22538485760,42298834944,29030400,0,0,"{""all"": 69047622144, ""frozen"": 66280430080, ""lora_fake"": 1383596032, ""lora_student"": 1383596032}","{""cpu_copy_count"": 0, ""offloaded_logical_bytes"": 0, ""offloaded_storage_bytes"": 0, ""pack_count"": 0, ""unpack_count"": 0}"
2026-08-19 15:18:19.483,block_47_post,2,47,post,6993496576,18939379712,6993496576,0,22538485760,42298834944,29030400,0,0,"{""all"": 69047622144, ""frozen"": 66280430080, ""lora_fake"": 1383596032, ""lora_student"": 1383596032}","{""cpu_copy_count"": 0, ""offloaded_logical_bytes"": 0, ""offloaded_storage_bytes"": 0, ""pack_count"": 0, ""unpack_count"": 0}"
2026-08-19 15:18:19.494,block_48_pre,2,48,pre,7411764736,18939379712,7411764736,0,22538485760,42298834944,29030400,0,0,"{""all"": 69047622144, ""frozen"": 66280430080, ""lora_fake"": 1383596032, ""lora_student"": 1383596032}","{""cpu_copy_count"": 0, ""offloaded_logical_bytes"": 0, ""offloaded_storage_bytes"": 0, ""pack_count"": 0, ""unpack_count"": 0}"
2026-08-19 15:18:19.841,block_48_post,2,48,post,6993496576,18939379712,6993496576,0,22538485760,42298834944,29030400,0,0,"{""all"": 69047622144, ""frozen"": 66280430080, ""lora_fake"": 1383596032, ""lora_student"": 1383596032}","{""cpu_copy_count"": 0, ""offloaded_logical_bytes"": 0, ""offloaded_storage_bytes"": 0, ""pack_count"": 0, ""unpack_count"": 0}"
2026-08-19 15:18:19.853,block_49_pre,2,49,pre,7411764736,18939379712,7411764736,0,22538485760,42298834944,29030400,0,0,"{""all"": 69047622144, ""frozen"": 66280430080, ""lora_fake"": 1383596032, ""lora_student"": 1383596032}","{""cpu_copy_count"": 0, ""offloaded_logical_bytes"": 0, ""offloaded_storage_bytes"": 0, ""pack_count"": 0, ""unpack_count"": 0}"
2026-08-19 15:18:20.200,block_49_post,2,49,post,6993496576,18939379712,6993496576,0,22538485760,42298834944,29030400,0,0,"{""all"": 69047622144, ""frozen"": 66280430080, ""lora_fake"": 1383596032, ""lora_student"": 1383596032}","{""cpu_copy_count"": 0, ""offloaded_logical_bytes"": 0, ""offloaded_storage_bytes"": 0, ""pack_count"": 0, ""unpack_count"": 0}"
2026-08-19 15:18:25.938,block_0_pre,3,0,pre,7431118336,18958254080,7431118336,0,22519611392,42298834944,48384000,0,0,"{""all"": 69047622144, ""frozen"": 66280430080, ""lora_fake"": 1383596032, ""lora_student"": 1383596032}","{""cpu_copy_count"": 0, ""offloaded_logical_bytes"": 0, ""offloaded_storage_bytes"": 0, ""pack_count"": 0, ""unpack_count"": 0}"
2026-08-19 15:18:25.951,block_0_post,3,0,post,7012850176,18958254080,7012850176,0,22519611392,42298834944,48384000,0,0,"{""all"": 69047622144, ""frozen"": 66280430080, ""lora_fake"": 1383596032, ""lora_student"": 1383596032}","{""cpu_copy_count"": 0, ""offloaded_logical_bytes"": 0, ""offloaded_storage_bytes"": 0, ""pack_count"": 0, ""unpack_count"": 0}"
2026-08-19 15:18:25.963,block_1_pre,3,1,pre,7431118336,18958254080,7431118336,0,22519611392,42298834944,48384000,0,0,"{""all"": 69047622144, ""frozen"": 66280430080, ""lora_fake"": 1383596032, ""lora_student"": 1383596032}","{""cpu_copy_count"": 0, ""offloaded_logical_bytes"": 0, ""offloaded_storage_bytes"": 0, ""pack_count"": 0, ""unpack_count"": 0}"
2026-08-19 15:18:25.978,block_1_post,3,1,post,7012850176,18979225600,7012850176,0,22498639872,42298834944,48384000,0,0,"{""all"": 69047622144, ""frozen"": 66280430080, ""lora_fake"": 1383596032, ""lora_student"": 1383596032}","{""cpu_copy_count"": 0, ""offloaded_logical_bytes"": 0, ""offloaded_storage_bytes"": 0, ""pack_count"": 0, ""unpack_count"": 0}"
2026-08-19 15:18:25.991,block_2_pre,3,2,pre,7431118336,18979225600,7431118336,0,22498639872,42298834944,48384000,0,0,"{""all"": 69047622144, ""frozen"": 66280430080, ""lora_fake"": 1383596032, ""lora_student"": 1383596032}","{""cpu_copy_count"": 0, ""offloaded_logical_bytes"": 0, ""offloaded_storage_bytes"": 0, ""pack_count"": 0, ""unpack_count"": 0}"
2026-08-19 15:18:26.004,block_2_post,3,2,post,7012850176,18979225600,7012850176,0,22498639872,42298834944,48384000,0,0,"{""all"": 69047622144, ""frozen"": 66280430080, ""lora_fake"": 1383596032, ""lora_student"": 1383596032}","{""cpu_copy_count"": 0, ""offloaded_logical_bytes"": 0, ""offloaded_storage_bytes"": 0, ""pack_count"": 0, ""unpack_count"": 0}"
2026-08-19 15:18:26.016,block_3_pre,3,3,pre,7431118336,18979225600,7431118336,0,22498639872,42298834944,48384000,0,0,"{""all"": 69047622144, ""frozen"": 66280430080, ""lora_fake"": 1383596032, ""lora_student"": 1383596032}","{""cpu_copy_count"": 0, ""offloaded_logical_bytes"": 0, ""offloaded_storage_bytes"": 0, ""pack_count"": 0, ""unpack_count"": 0}"
2026-08-19 15:18:26.029,block_3_post,3,3,post,7012850176,18979225600,7012850176,0,22498639872,42298834944,48384000,0,0,"{""all"": 69047622144, ""frozen"": 66280430080, ""lora_fake"": 1383596032, ""lora_student"": 1383596032}","{""cpu_copy_count"": 0, ""offloaded_logical_bytes"": 0, ""offloaded_storage_bytes"": 0, ""pack_count"": 0, ""unpack_count"": 0}"
2026-08-19 15:18:26.041,block_4_pre,3,4,pre,7431118336,18979225600,7431118336,0,22498639872,42298834944,48384000,0,0,"{""all"": 69047622144, ""frozen"": 66280430080, ""lora_fake"": 1383596032, ""lora_student"": 1383596032}","{""cpu_copy_count"": 0, ""offloaded_logical_bytes"": 0, ""offloaded_storage_bytes"": 0, ""pack_count"": 0, ""unpack_count"": 0}"
2026-08-19 15:18:26.054,block_4_post,3,4,post,7012850176,18979225600,7012850176,0,22498639872,42298834944,48384000,0,0,"{""all"": 69047622144, ""frozen"": 66280430080, ""lora_fake"": 1383596032, ""lora_student"": 1383596032}","{""cpu_copy_count"": 0, ""offloaded_logical_bytes"": 0, ""offloaded_storage_bytes"": 0, ""pack_count"": 0, ""unpack_count"": 0}"
2026-08-19 15:18:26.066,block_5_pre,3,5,pre,7431118336,18979225600,7431118336,0,22498639872,42298834944,48384000,0,0,"{""all"": 69047622144, ""frozen"": 66280430080, ""lora_fake"": 1383596032, ""lora_student"": 1383596032}","{""cpu_copy_count"": 0, ""offloaded_logical_bytes"": 0, ""offloaded_storage_bytes"": 0, ""pack_count"": 0, ""unpack_count"": 0}"
2026-08-19 15:18:26.079,block_5_post,3,5,post,7012850176,18979225600,7012850176,0,22498639872,42298834944,48384000,0,0,"{""all"": 69047622144, ""frozen"": 66280430080, ""lora_fake"": 1383596032, ""lora_student"": 1383596032}","{""cpu_copy_count"": 0, ""offloaded_logical_bytes"": 0, ""offloaded_storage_bytes"": 0, ""pack_count"": 0, ""unpack_count"": 0}"
2026-08-19 15:18:26.093,block_6_pre,3,6,pre,7431118336,18979225600,7431118336,0,22498639872,42298834944,48384000,0,0,"{""all"": 69047622144, ""frozen"": 66280430080, ""lora_fake"": 1383596032, ""lora_student"": 1383596032}","{""cpu_copy_count"": 0, ""offloaded_logical_bytes"": 0, ""offloaded_storage_bytes"": 0, ""pack_count"": 0, ""unpack_count"": 0}"
2026-08-19 15:18:26.106,block_6_post,3,6,post,7012850176,18979225600,7012850176,0,22498639872,42298834944,48384000,0,0,"{""all"": 69047622144, ""frozen"": 66280430080, ""lora_fake"": 1383596032, ""lora_student"": 1383596032}","{""cpu_copy_count"": 0, ""offloaded_logical_bytes"": 0, ""offloaded_storage_bytes"": 0, ""pack_count"": 0, ""unpack_count"": 0}"
2026-08-19 15:18:26.119,block_7_pre,3,7,pre,7431118336,18979225600,7431118336,0,22498639872,42298834944,48384000,0,0,"{""all"": 69047622144, ""frozen"": 66280430080, ""lora_fake"": 1383596032, ""lora_student"": 1383596032}","{""cpu_copy_count"": 0, ""offloaded_logical_bytes"": 0, ""offloaded_storage_bytes"": 0, ""pack_count"": 0, ""unpack_count"": 0}"
2026-08-19 15:18:26.132,block_7_post,3,7,post,7012850176,18979225600,7012850176,0,22498639872,42298834944,48384000,0,0,"{""all"": 69047622144, ""frozen"": 66280430080, ""lora_fake"": 1383596032, ""lora_student"": 1383596032}","{""cpu_copy_count"": 0, ""offloaded_logical_bytes"": 0, ""offloaded_storage_bytes"": 0, ""pack_count"": 0, ""unpack_count"": 0}"
2026-08-19 15:18:26.144,block_8_pre,3,8,pre,7431118336,18979225600,7431118336,0,22498639872,42298834944,48384000,0,0,"{""all"": 69047622144, ""frozen"": 66280430080, ""lora_fake"": 1383596032, ""lora_student"": 1383596032}","{""cpu_copy_count"": 0, ""offloaded_logical_bytes"": 0, ""offloaded_storage_bytes"": 0, ""pack_count"": 0, ""unpack_count"": 0}"
2026-08-19 15:18:26.156,block_8_post,3,8,post,7012850176,18979225600,7012850176,0,22498639872,42298834944,48384000,0,0,"{""all"": 69047622144, ""frozen"": 66280430080, ""lora_fake"": 1383596032, ""lora_student"": 1383596032}","{""cpu_copy_count"": 0, ""offloaded_logical_bytes"": 0, ""offloaded_storage_bytes"": 0, ""pack_count"": 0, ""unpack_count"": 0}"
2026-08-19 15:18:26.169,block_9_pre,3,9,pre,7431118336,18979225600,7431118336,0,22498639872,42298834944,48384000,0,0,"{""all"": 69047622144, ""frozen"": 66280430080, ""lora_fake"": 1383596032, ""lora_student"": 1383596032}","{""cpu_copy_count"": 0, ""offloaded_logical_bytes"": 0, ""offloaded_storage_bytes"": 0, ""pack_count"": 0, ""unpack_count"": 0}"
2026-08-19 15:18:26.182,block_9_post,3,9,post,7012850176,18979225600,7012850176,0,22498639872,42298834944,48384000,0,0,"{""all"": 69047622144, ""frozen"": 66280430080, ""lora_fake"": 1383596032, ""lora_student"": 1383596032}","{""cpu_copy_count"": 0, ""offloaded_logical_bytes"": 0, ""offloaded_storage_bytes"": 0, ""pack_count"": 0, ""unpack_count"": 0}"
2026-08-19 15:18:26.194,block_10_pre,3,10,pre,7431118336,18979225600,7431118336,0,22498639872,42298834944,48384000,0,0,"{""all"": 69047622144, ""frozen"": 66280430080, ""lora_fake"": 1383596032, ""lora_student"": 1383596032}","{""cpu_copy_count"": 0, ""offloaded_logical_bytes"": 0, ""offloaded_storage_bytes"": 0, ""pack_count"": 0, ""unpack_count"": 0}"
2026-08-19 15:18:26.207,block_10_post,3,10,post,7012850176,18979225600,7012850176,0,22498639872,42298834944,48384000,0,0,"{""all"": 69047622144, ""frozen"": 66280430080, ""lora_fake"": 1383596032, ""lora_student"": 1383596032}","{""cpu_copy_count"": 0, ""offloaded_logical_bytes"": 0, ""offloaded_storage_bytes"": 0, ""pack_count"": 0, ""unpack_count"": 0}"
2026-08-19 15:18:26.219,block_11_pre,3,11,pre,7431118336,18979225600,7431118336,0,22498639872,42298834944,48384000,0,0,"{""all"": 69047622144, ""frozen"": 66280430080, ""lora_fake"": 1383596032, ""lora_student"": 1383596032}","{""cpu_copy_count"": 0, ""offloaded_logical_bytes"": 0, ""offloaded_storage_bytes"": 0, ""pack_count"": 0, ""unpack_count"": 0}"
2026-08-19 15:18:26.232,block_11_post,3,11,post,7012850176,18979225600,7012850176,0,22498639872,42298834944,48384000,0,0,"{""all"": 69047622144, ""frozen"": 66280430080, ""lora_fake"": 1383596032, ""lora_student"": 1383596032}","{""cpu_copy_count"": 0, ""offloaded_logical_bytes"": 0, ""offloaded_storage_bytes"": 0, ""pack_count"": 0, ""unpack_count"": 0}"
2026-08-19 15:18:26.244,block_12_pre,3,12,pre,7431118336,18979225600,7431118336,0,22498639872,42298834944,48384000,0,0,"{""all"": 69047622144, ""frozen"": 66280430080, ""lora_fake"": 1383596032, ""lora_student"": 1383596032}","{""cpu_copy_count"": 0, ""offloaded_logical_bytes"": 0, ""offloaded_storage_bytes"": 0, ""pack_count"": 0, ""unpack_count"": 0}"
2026-08-19 15:18:26.256,block_12_post,3,12,post,7012850176,18979225600,7012850176,0,22498639872,42298834944,48384000,0,0,"{""all"": 69047622144, ""frozen"": 66280430080, ""lora_fake"": 1383596032, ""lora_student"": 1383596032}","{""cpu_copy_count"": 0, ""offloaded_logical_bytes"": 0, ""offloaded_storage_bytes"": 0, ""pack_count"": 0, ""unpack_count"": 0}"
2026-08-19 15:18:26.269,block_13_pre,3,13,pre,7431118336,18979225600,7431118336,0,22498639872,42298834944,48384000,0,0,"{""all"": 69047622144, ""frozen"": 66280430080, ""lora_fake"": 1383596032, ""lora_student"": 1383596032}","{""cpu_copy_count"": 0, ""offloaded_logical_bytes"": 0, ""offloaded_storage_bytes"": 0, ""pack_count"": 0, ""unpack_count"": 0}"
2026-08-19 15:18:26.282,block_13_post,3,13,post,7012850176,18979225600,7012850176,0,22498639872,42298834944,48384000,0,0,"{""all"": 69047622144, ""frozen"": 66280430080, ""lora_fake"": 1383596032, ""lora_student"": 1383596032}","{""cpu_copy_count"": 0, ""offloaded_logical_bytes"": 0, ""offloaded_storage_bytes"": 0, ""pack_count"": 0, ""unpack_count"": 0}"
2026-08-19 15:18:26.294,block_14_pre,3,14,pre,7431118336,18979225600,7431118336,0,22498639872,42298834944,48384000,0,0,"{""all"": 69047622144, ""frozen"": 66280430080, ""lora_fake"": 1383596032, ""lora_student"": 1383596032}","{""cpu_copy_count"": 0, ""offloaded_logical_bytes"": 0, ""offloaded_storage_bytes"": 0, ""pack_count"": 0, ""unpack_count"": 0}"
2026-08-19 15:18:26.363,block_14_post,3,14,post,7012850176,18979225600,7012850176,0,22498639872,42298834944,48384000,0,0,"{""all"": 69047622144, ""frozen"": 66280430080, ""lora_fake"": 1383596032, ""lora_student"": 1383596032}","{""cpu_copy_count"": 0, ""offloaded_logical_bytes"": 0, ""offloaded_storage_bytes"": 0, ""pack_count"": 0, ""unpack_count"": 0}"
2026-08-19 15:18:26.376,block_15_pre,3,15,pre,7431118336,18979225600,7431118336,0,22498639872,42298834944,48384000,0,0,"{""all"": 69047622144, ""frozen"": 66280430080, ""lora_fake"": 1383596032, ""lora_student"": 1383596032}","{""cpu_copy_count"": 0, ""offloaded_logical_bytes"": 0, ""offloaded_storage_bytes"": 0, ""pack_count"": 0, ""unpack_count"": 0}"
2026-08-19 15:18:26.715,block_15_post,3,15,post,7012850176,18979225600,7012850176,0,22498639872,42298834944,48384000,0,0,"{""all"": 69047622144, ""frozen"": 66280430080, ""lora_fake"": 1383596032, ""lora_student"": 1383596032}","{""cpu_copy_count"": 0, ""offloaded_logical_bytes"": 0, ""offloaded_storage_bytes"": 0, ""pack_count"": 0, ""unpack_count"": 0}"
2026-08-19 15:18:26.727,block_16_pre,3,16,pre,7431118336,18979225600,7431118336,0,22498639872,42298834944,48384000,0,0,"{""all"": 69047622144, ""frozen"": 66280430080, ""lora_fake"": 1383596032, ""lora_student"": 1383596032}","{""cpu_copy_count"": 0, ""offloaded_logical_bytes"": 0, ""offloaded_storage_bytes"": 0, ""pack_count"": 0, ""unpack_count"": 0}"
2026-08-19 15:18:27.066,block_16_post,3,16,post,7012850176,18979225600,7012850176,0,22498639872,42298834944,48384000,0,0,"{""all"": 69047622144, ""frozen"": 66280430080, ""lora_fake"": 1383596032, ""lora_student"": 1383596032}","{""cpu_copy_count"": 0, ""offloaded_logical_bytes"": 0, ""offloaded_storage_bytes"": 0, ""pack_count"": 0, ""unpack_count"": 0}"
2026-08-19 15:18:27.078,block_17_pre,3,17,pre,7431118336,18979225600,7431118336,0,22498639872,42298834944,48384000,0,0,"{""all"": 69047622144, ""frozen"": 66280430080, ""lora_fake"": 1383596032, ""lora_student"": 1383596032}","{""cpu_copy_count"": 0, ""offloaded_logical_bytes"": 0, ""offloaded_storage_bytes"": 0, ""pack_count"": 0, ""unpack_count"": 0}"
2026-08-19 15:18:27.422,block_17_post,3,17,post,7012850176,18979225600,7012850176,0,22498639872,42298834944,48384000,0,0,"{""all"": 69047622144, ""frozen"": 66280430080, ""lora_fake"": 1383596032, ""lora_student"": 1383596032}","{""cpu_copy_count"": 0, ""offloaded_logical_bytes"": 0, ""offloaded_storage_bytes"": 0, ""pack_count"": 0, ""unpack_count"": 0}"
2026-08-19 15:18:27.434,block_18_pre,3,18,pre,7431118336,18979225600,7431118336,0,22498639872,42298834944,48384000,0,0,"{""all"": 69047622144, ""frozen"": 66280430080, ""lora_fake"": 1383596032, ""lora_student"": 1383596032}","{""cpu_copy_count"": 0, ""offloaded_logical_bytes"": 0, ""offloaded_storage_bytes"": 0, ""pack_count"": 0, ""unpack_count"": 0}"
2026-08-19 15:18:27.774,block_18_post,3,18,post,7012850176,18979225600,7012850176,0,22498639872,42298834944,48384000,0,0,"{""all"": 69047622144, ""frozen"": 66280430080, ""lora_fake"": 1383596032, ""lora_student"": 1383596032}","{""cpu_copy_count"": 0, ""offloaded_logical_bytes"": 0, ""offloaded_storage_bytes"": 0, ""pack_count"": 0, ""unpack_count"": 0}"
2026-08-19 15:18:27.786,block_19_pre,3,19,pre,7431118336,18979225600,7431118336,0,22498639872,42298834944,48384000,0,0,"{""all"": 69047622144, ""frozen"": 66280430080, ""lora_fake"": 1383596032, ""lora_student"": 1383596032}","{""cpu_copy_count"": 0, ""offloaded_logical_bytes"": 0, ""offloaded_storage_bytes"": 0, ""pack_count"": 0, ""unpack_count"": 0}"
2026-08-19 15:18:28.128,block_19_post,3,19,post,7012850176,18979225600,7012850176,0,22498639872,42298834944,48384000,0,0,"{""all"": 69047622144, ""frozen"": 66280430080, ""lora_fake"": 1383596032, ""lora_student"": 1383596032}","{""cpu_copy_count"": 0, ""offloaded_logical_bytes"": 0, ""offloaded_storage_bytes"": 0, ""pack_count"": 0, ""unpack_count"": 0}"
2026-08-19 15:18:28.140,block_20_pre,3,20,pre,7431118336,18979225600,7431118336,0,22498639872,42298834944,48384000,0,0,"{""all"": 69047622144, ""frozen"": 66280430080, ""lora_fake"": 1383596032, ""lora_student"": 1383596032}","{""cpu_copy_count"": 0, ""offloaded_logical_bytes"": 0, ""offloaded_storage_bytes"": 0, ""pack_count"": 0, ""unpack_count"": 0}"
2026-08-19 15:18:28.483,block_20_post,3,20,post,7012850176,18979225600,7012850176,0,22498639872,42298834944,48384000,0,0,"{""all"": 69047622144, ""frozen"": 66280430080, ""lora_fake"": 1383596032, ""lora_student"": 1383596032}","{""cpu_copy_count"": 0, ""offloaded_logical_bytes"": 0, ""offloaded_storage_bytes"": 0, ""pack_count"": 0, ""unpack_count"": 0}"
2026-08-19 15:18:28.494,block_21_pre,3,21,pre,7431118336,18979225600,7431118336,0,22498639872,42298834944,48384000,0,0,"{""all"": 69047622144, ""frozen"": 66280430080, ""lora_fake"": 1383596032, ""lora_student"": 1383596032}","{""cpu_copy_count"": 0, ""offloaded_logical_bytes"": 0, ""offloaded_storage_bytes"": 0, ""pack_count"": 0, ""unpack_count"": 0}"
2026-08-19 15:18:28.838,block_21_post,3,21,post,7012850176,18979225600,7012850176,0,22498639872,42298834944,48384000,0,0,"{""all"": 69047622144, ""frozen"": 66280430080, ""lora_fake"": 1383596032, ""lora_student"": 1383596032}","{""cpu_copy_count"": 0, ""offloaded_logical_bytes"": 0, ""offloaded_storage_bytes"": 0, ""pack_count"": 0, ""unpack_count"": 0}"
2026-08-19 15:18:28.850,block_22_pre,3,22,pre,7431118336,18979225600,7431118336,0,22498639872,42298834944,48384000,0,0,"{""all"": 69047622144, ""frozen"": 66280430080, ""lora_fake"": 1383596032, ""lora_student"": 1383596032}","{""cpu_copy_count"": 0, ""offloaded_logical_bytes"": 0, ""offloaded_storage_bytes"": 0, ""pack_count"": 0, ""unpack_count"": 0}"
2026-08-19 15:18:29.194,block_22_post,3,22,post,7012850176,18979225600,7012850176,0,22498639872,42298834944,48384000,0,0,"{""all"": 69047622144, ""frozen"": 66280430080, ""lora_fake"": 1383596032, ""lora_student"": 1383596032}","{""cpu_copy_count"": 0, ""offloaded_logical_bytes"": 0, ""offloaded_storage_bytes"": 0, ""pack_count"": 0, ""unpack_count"": 0}"
2026-08-19 15:18:29.205,block_23_pre,3,23,pre,7431118336,18979225600,7431118336,0,22498639872,42298834944,48384000,0,0,"{""all"": 69047622144, ""frozen"": 66280430080, ""lora_fake"": 1383596032, ""lora_student"": 1383596032}","{""cpu_copy_count"": 0, ""offloaded_logical_bytes"": 0, ""offloaded_storage_bytes"": 0, ""pack_count"": 0, ""unpack_count"": 0}"
2026-08-19 15:18:29.549,block_23_post,3,23,post,7012850176,18979225600,7012850176,0,22498639872,42298834944,48384000,0,0,"{""all"": 69047622144, ""frozen"": 66280430080, ""lora_fake"": 1383596032, ""lora_student"": 1383596032}","{""cpu_copy_count"": 0, ""offloaded_logical_bytes"": 0, ""offloaded_storage_bytes"": 0, ""pack_count"": 0, ""unpack_count"": 0}"
2026-08-19 15:18:29.561,block_24_pre,3,24,pre,7431118336,18979225600,7431118336,0,22498639872,42298834944,48384000,0,0,"{""all"": 69047622144, ""frozen"": 66280430080, ""lora_fake"": 1383596032, ""lora_student"": 1383596032}","{""cpu_copy_count"": 0, ""offloaded_logical_bytes"": 0, ""offloaded_storage_bytes"": 0, ""pack_count"": 0, ""unpack_count"": 0}"
2026-08-19 15:18:29.906,block_24_post,3,24,post,7012850176,18979225600,7012850176,0,22498639872,42298834944,48384000,0,0,"{""all"": 69047622144, ""frozen"": 66280430080, ""lora_fake"": 1383596032, ""lora_student"": 1383596032}","{""cpu_copy_count"": 0, ""offloaded_logical_bytes"": 0, ""offloaded_storage_bytes"": 0, ""pack_count"": 0, ""unpack_count"": 0}"
2026-08-19 15:18:29.918,block_25_pre,3,25,pre,7431118336,18979225600,7431118336,0,22498639872,42298834944,48384000,0,0,"{""all"": 69047622144, ""frozen"": 66280430080, ""lora_fake"": 1383596032, ""lora_student"": 1383596032}","{""cpu_copy_count"": 0, ""offloaded_logical_bytes"": 0, ""offloaded_storage_bytes"": 0, ""pack_count"": 0, ""unpack_count"": 0}"
2026-08-19 15:18:30.262,block_25_post,3,25,post,7012850176,18979225600,7012850176,0,22498639872,42298834944,48384000,0,0,"{""all"": 69047622144, ""frozen"": 66280430080, ""lora_fake"": 1383596032, ""lora_student"": 1383596032}","{""cpu_copy_count"": 0, ""offloaded_logical_bytes"": 0, ""offloaded_storage_bytes"": 0, ""pack_count"": 0, ""unpack_count"": 0}"
2026-08-19 15:18:30.273,block_26_pre,3,26,pre,7431118336,18979225600,7431118336,0,22498639872,42298834944,48384000,0,0,"{""all"": 69047622144, ""frozen"": 66280430080, ""lora_fake"": 1383596032, ""lora_student"": 1383596032}","{""cpu_copy_count"": 0, ""offloaded_logical_bytes"": 0, ""offloaded_storage_bytes"": 0, ""pack_count"": 0, ""unpack_count"": 0}"
2026-08-19 15:18:30.618,block_26_post,3,26,post,7012850176,18979225600,7012850176,0,22498639872,42298834944,48384000,0,0,"{""all"": 69047622144, ""frozen"": 66280430080, ""lora_fake"": 1383596032, ""lora_student"": 1383596032}","{""cpu_copy_count"": 0, ""offloaded_logical_bytes"": 0, ""offloaded_storage_bytes"": 0, ""pack_count"": 0, ""unpack_count"": 0}"
2026-08-19 15:18:30.630,block_27_pre,3,27,pre,7431118336,18979225600,7431118336,0,22498639872,42298834944,48384000,0,0,"{""all"": 69047622144, ""frozen"": 66280430080, ""lora_fake"": 1383596032, ""lora_student"": 1383596032}","{""cpu_copy_count"": 0, ""offloaded_logical_bytes"": 0, ""offloaded_storage_bytes"": 0, ""pack_count"": 0, ""unpack_count"": 0}"
2026-08-19 15:18:30.976,block_27_post,3,27,post,7012850176,18979225600,7012850176,0,22498639872,42298834944,48384000,0,0,"{""all"": 69047622144, ""frozen"": 66280430080, ""lora_fake"": 1383596032, ""lora_student"": 1383596032}","{""cpu_copy_count"": 0, ""offloaded_logical_bytes"": 0, ""offloaded_storage_bytes"": 0, ""pack_count"": 0, ""unpack_count"": 0}"
2026-08-19 15:18:30.987,block_28_pre,3,28,pre,7431118336,18979225600,7431118336,0,22498639872,42298834944,48384000,0,0,"{""all"": 69047622144, ""frozen"": 66280430080, ""lora_fake"": 1383596032, ""lora_student"": 1383596032}","{""cpu_copy_count"": 0, ""offloaded_logical_bytes"": 0, ""offloaded_storage_bytes"": 0, ""pack_count"": 0, ""unpack_count"": 0}"
2026-08-19 15:18:31.333,block_28_post,3,28,post,7012850176,18979225600,7012850176,0,22498639872,42298834944,48384000,0,0,"{""all"": 69047622144, ""frozen"": 66280430080, ""lora_fake"": 1383596032, ""lora_student"": 1383596032}","{""cpu_copy_count"": 0, ""offloaded_logical_bytes"": 0, ""offloaded_storage_bytes"": 0, ""pack_count"": 0, ""unpack_count"": 0}"
2026-08-19 15:18:31.345,block_29_pre,3,29,pre,7431118336,18979225600,7431118336,0,22498639872,42298834944,48384000,0,0,"{""all"": 69047622144, ""frozen"": 66280430080, ""lora_fake"": 1383596032, ""lora_student"": 1383596032}","{""cpu_copy_count"": 0, ""offloaded_logical_bytes"": 0, ""offloaded_storage_bytes"": 0, ""pack_count"": 0, ""unpack_count"": 0}"
2026-08-19 15:18:31.698,block_29_post,3,29,post,7012850176,18979225600,7012850176,0,22498639872,42298834944,48384000,0,0,"{""all"": 69047622144, ""frozen"": 66280430080, ""lora_fake"": 1383596032, ""lora_student"": 1383596032}","{""cpu_copy_count"": 0, ""offloaded_logical_bytes"": 0, ""offloaded_storage_bytes"": 0, ""pack_count"": 0, ""unpack_count"": 0}"
2026-08-19 15:18:31.711,block_30_pre,3,30,pre,7431118336,18979225600,7431118336,0,22498639872,42298834944,48384000,0,0,"{""all"": 69047622144, ""frozen"": 66280430080, ""lora_fake"": 1383596032, ""lora_student"": 1383596032}","{""cpu_copy_count"": 0, ""offloaded_logical_bytes"": 0, ""offloaded_storage_bytes"": 0, ""pack_count"": 0, ""unpack_count"": 0}"
2026-08-19 15:18:32.048,block_30_post,3,30,post,7012850176,18979225600,7012850176,0,22498639872,42298834944,48384000,0,0,"{""all"": 69047622144, ""frozen"": 66280430080, ""lora_fake"": 1383596032, ""lora_student"": 1383596032}","{""cpu_copy_count"": 0, ""offloaded_logical_bytes"": 0, ""offloaded_storage_bytes"": 0, ""pack_count"": 0, ""unpack_count"": 0}"
2026-08-19 15:18:32.061,block_31_pre,3,31,pre,7431118336,18979225600,7431118336,0,22498639872,42298834944,48384000,0,0,"{""all"": 69047622144, ""frozen"": 66280430080, ""lora_fake"": 1383596032, ""lora_student"": 1383596032}","{""cpu_copy_count"": 0, ""offloaded_logical_bytes"": 0, ""offloaded_storage_bytes"": 0, ""pack_count"": 0, ""unpack_count"": 0}"
2026-08-19 15:18:32.406,block_31_post,3,31,post,7012850176,18979225600,7012850176,0,22498639872,42298834944,48384000,0,0,"{""all"": 69047622144, ""frozen"": 66280430080, ""lora_fake"": 1383596032, ""lora_student"": 1383596032}","{""cpu_copy_count"": 0, ""offloaded_logical_bytes"": 0, ""offloaded_storage_bytes"": 0, ""pack_count"": 0, ""unpack_count"": 0}"
2026-08-19 15:18:32.419,block_32_pre,3,32,pre,7431118336,18979225600,7431118336,0,22498639872,42298834944,48384000,0,0,"{""all"": 69047622144, ""frozen"": 66280430080, ""lora_fake"": 1383596032, ""lora_student"": 1383596032}","{""cpu_copy_count"": 0, ""offloaded_logical_bytes"": 0, ""offloaded_storage_bytes"": 0, ""pack_count"": 0, ""unpack_count"": 0}"
2026-08-19 15:18:32.767,block_32_post,3,32,post,7012850176,18979225600,7012850176,0,22498639872,42298834944,48384000,0,0,"{""all"": 69047622144, ""frozen"": 66280430080, ""lora_fake"": 1383596032, ""lora_student"": 1383596032}","{""cpu_copy_count"": 0, ""offloaded_logical_bytes"": 0, ""offloaded_storage_bytes"": 0, ""pack_count"": 0, ""unpack_count"": 0}"
2026-08-19 15:18:32.779,block_33_pre,3,33,pre,7431118336,18979225600,7431118336,0,22498639872,42298834944,48384000,0,0,"{""all"": 69047622144, ""frozen"": 66280430080, ""lora_fake"": 1383596032, ""lora_student"": 1383596032}","{""cpu_copy_count"": 0, ""offloaded_logical_bytes"": 0, ""offloaded_storage_bytes"": 0, ""pack_count"": 0, ""unpack_count"": 0}"
2026-08-19 15:18:33.123,block_33_post,3,33,post,7012850176,18979225600,7012850176,0,22498639872,42298834944,48384000,0,0,"{""all"": 69047622144, ""frozen"": 66280430080, ""lora_fake"": 1383596032, ""lora_student"": 1383596032}","{""cpu_copy_count"": 0, ""offloaded_logical_bytes"": 0, ""offloaded_storage_bytes"": 0, ""pack_count"": 0, ""unpack_count"": 0}"
2026-08-19 15:18:33.135,block_34_pre,3,34,pre,7431118336,18979225600,7431118336,0,22498639872,42298834944,48384000,0,0,"{""all"": 69047622144, ""frozen"": 66280430080, ""lora_fake"": 1383596032, ""lora_student"": 1383596032}","{""cpu_copy_count"": 0, ""offloaded_logical_bytes"": 0, ""offloaded_storage_bytes"": 0, ""pack_count"": 0, ""unpack_count"": 0}"
2026-08-19 15:18:33.481,block_34_post,3,34,post,7012850176,18979225600,7012850176,0,22498639872,42298834944,48384000,0,0,"{""all"": 69047622144, ""frozen"": 66280430080, ""lora_fake"": 1383596032, ""lora_student"": 1383596032}","{""cpu_copy_count"": 0, ""offloaded_logical_bytes"": 0, ""offloaded_storage_bytes"": 0, ""pack_count"": 0, ""unpack_count"": 0}"
2026-08-19 15:18:33.493,block_35_pre,3,35,pre,7431118336,18979225600,7431118336,0,22498639872,42298834944,48384000,0,0,"{""all"": 69047622144, ""frozen"": 66280430080, ""lora_fake"": 1383596032, ""lora_student"": 1383596032}","{""cpu_copy_count"": 0, ""offloaded_logical_bytes"": 0, ""offloaded_storage_bytes"": 0, ""pack_count"": 0, ""unpack_count"": 0}"
2026-08-19 15:18:33.842,block_35_post,3,35,post,7012850176,18979225600,7012850176,0,22498639872,42298834944,48384000,0,0,"{""all"": 69047622144, ""frozen"": 66280430080, ""lora_fake"": 1383596032, ""lora_student"": 1383596032}","{""cpu_copy_count"": 0, ""offloaded_logical_bytes"": 0, ""offloaded_storage_bytes"": 0, ""pack_count"": 0, ""unpack_count"": 0}"
2026-08-19 15:18:33.855,block_36_pre,3,36,pre,7431118336,18979225600,7431118336,0,22498639872,42298834944,48384000,0,0,"{""all"": 69047622144, ""frozen"": 66280430080, ""lora_fake"": 1383596032, ""lora_student"": 1383596032}","{""cpu_copy_count"": 0, ""offloaded_logical_bytes"": 0, ""offloaded_storage_bytes"": 0, ""pack_count"": 0, ""unpack_count"": 0}"
2026-08-19 15:18:34.200,block_36_post,3,36,post,7012850176,18979225600,7012850176,0,22498639872,42298834944,48384000,0,0,"{""all"": 69047622144, ""frozen"": 66280430080, ""lora_fake"": 1383596032, ""lora_student"": 1383596032}","{""cpu_copy_count"": 0, ""offloaded_logical_bytes"": 0, ""offloaded_storage_bytes"": 0, ""pack_count"": 0, ""unpack_count"": 0}"
2026-08-19 15:18:34.212,block_37_pre,3,37,pre,7431118336,18979225600,7431118336,0,22498639872,42298834944,48384000,0,0,"{""all"": 69047622144, ""frozen"": 66280430080, ""lora_fake"": 1383596032, ""lora_student"": 1383596032}","{""cpu_copy_count"": 0, ""offloaded_logical_bytes"": 0, ""offloaded_storage_bytes"": 0, ""pack_count"": 0, ""unpack_count"": 0}"
2026-08-19 15:18:34.556,block_37_post,3,37,post,7012850176,18979225600,7012850176,0,22498639872,42298834944,48384000,0,0,"{""all"": 69047622144, ""frozen"": 66280430080, ""lora_fake"": 1383596032, ""lora_student"": 1383596032}","{""cpu_copy_count"": 0, ""offloaded_logical_bytes"": 0, ""offloaded_storage_bytes"": 0, ""pack_count"": 0, ""unpack_count"": 0}"
2026-08-19 15:18:34.568,block_38_pre,3,38,pre,7431118336,18979225600,7431118336,0,22498639872,42298834944,48384000,0,0,"{""all"": 69047622144, ""frozen"": 66280430080, ""lora_fake"": 1383596032, ""lora_student"": 1383596032}","{""cpu_copy_count"": 0, ""offloaded_logical_bytes"": 0, ""offloaded_storage_bytes"": 0, ""pack_count"": 0, ""unpack_count"": 0}"
2026-08-19 15:18:34.915,block_38_post,3,38,post,7012850176,18979225600,7012850176,0,22498639872,42298834944,48384000,0,0,"{""all"": 69047622144, ""frozen"": 66280430080, ""lora_fake"": 1383596032, ""lora_student"": 1383596032}","{""cpu_copy_count"": 0, ""offloaded_logical_bytes"": 0, ""offloaded_storage_bytes"": 0, ""pack_count"": 0, ""unpack_count"": 0}"
2026-08-19 15:18:34.927,block_39_pre,3,39,pre,7431118336,18979225600,7431118336,0,22498639872,42298834944,48384000,0,0,"{""all"": 69047622144, ""frozen"": 66280430080, ""lora_fake"": 1383596032, ""lora_student"": 1383596032}","{""cpu_copy_count"": 0, ""offloaded_logical_bytes"": 0, ""offloaded_storage_bytes"": 0, ""pack_count"": 0, ""unpack_count"": 0}"
2026-08-19 15:18:35.278,block_39_post,3,39,post,7012850176,18979225600,7012850176,0,22498639872,42298834944,48384000,0,0,"{""all"": 69047622144, ""frozen"": 66280430080, ""lora_fake"": 1383596032, ""lora_student"": 1383596032}","{""cpu_copy_count"": 0, ""offloaded_logical_bytes"": 0, ""offloaded_storage_bytes"": 0, ""pack_count"": 0, ""unpack_count"": 0}"
2026-08-19 15:18:35.290,block_40_pre,3,40,pre,7431118336,18979225600,7431118336,0,22498639872,42298834944,48384000,0,0,"{""all"": 69047622144, ""frozen"": 66280430080, ""lora_fake"": 1383596032, ""lora_student"": 1383596032}","{""cpu_copy_count"": 0, ""offloaded_logical_bytes"": 0, ""offloaded_storage_bytes"": 0, ""pack_count"": 0, ""unpack_count"": 0}"
2026-08-19 15:18:35.638,block_40_post,3,40,post,7012850176,18979225600,7012850176,0,22498639872,42298834944,48384000,0,0,"{""all"": 69047622144, ""frozen"": 66280430080, ""lora_fake"": 1383596032, ""lora_student"": 1383596032}","{""cpu_copy_count"": 0, ""offloaded_logical_bytes"": 0, ""offloaded_storage_bytes"": 0, ""pack_count"": 0, ""unpack_count"": 0}"
2026-08-19 15:18:35.651,block_41_pre,3,41,pre,7431118336,18979225600,7431118336,0,22498639872,42298834944,48384000,0,0,"{""all"": 69047622144, ""frozen"": 66280430080, ""lora_fake"": 1383596032, ""lora_student"": 1383596032}","{""cpu_copy_count"": 0, ""offloaded_logical_bytes"": 0, ""offloaded_storage_bytes"": 0, ""pack_count"": 0, ""unpack_count"": 0}"
2026-08-19 15:18:35.994,block_41_post,3,41,post,7012850176,18979225600,7012850176,0,22498639872,42298834944,48384000,0,0,"{""all"": 69047622144, ""frozen"": 66280430080, ""lora_fake"": 1383596032, ""lora_student"": 1383596032}","{""cpu_copy_count"": 0, ""offloaded_logical_bytes"": 0, ""offloaded_storage_bytes"": 0, ""pack_count"": 0, ""unpack_count"": 0}"
2026-08-19 15:18:36.005,block_42_pre,3,42,pre,7431118336,18979225600,7431118336,0,22498639872,42298834944,48384000,0,0,"{""all"": 69047622144, ""frozen"": 66280430080, ""lora_fake"": 1383596032, ""lora_student"": 1383596032}","{""cpu_copy_count"": 0, ""offloaded_logical_bytes"": 0, ""offloaded_storage_bytes"": 0, ""pack_count"": 0, ""unpack_count"": 0}"
2026-08-19 15:18:36.351,block_42_post,3,42,post,7012850176,18979225600,7012850176,0,22498639872,42298834944,48384000,0,0,"{""all"": 69047622144, ""frozen"": 66280430080, ""lora_fake"": 1383596032, ""lora_student"": 1383596032}","{""cpu_copy_count"": 0, ""offloaded_logical_bytes"": 0, ""offloaded_storage_bytes"": 0, ""pack_count"": 0, ""unpack_count"": 0}"
2026-08-19 15:18:36.363,block_43_pre,3,43,pre,7431118336,18979225600,7431118336,0,22498639872,42298834944,48384000,0,0,"{""all"": 69047622144, ""frozen"": 66280430080, ""lora_fake"": 1383596032, ""lora_student"": 1383596032}","{""cpu_copy_count"": 0, ""offloaded_logical_bytes"": 0, ""offloaded_storage_bytes"": 0, ""pack_count"": 0, ""unpack_count"": 0}"
2026-08-19 15:18:36.710,block_43_post,3,43,post,7012850176,18979225600,7012850176,0,22498639872,42298834944,48384000,0,0,"{""all"": 69047622144, ""frozen"": 66280430080, ""lora_fake"": 1383596032, ""lora_student"": 1383596032}","{""cpu_copy_count"": 0, ""offloaded_logical_bytes"": 0, ""offloaded_storage_bytes"": 0, ""pack_count"": 0, ""unpack_count"": 0}"
2026-08-19 15:18:36.722,block_44_pre,3,44,pre,7431118336,18979225600,7431118336,0,22498639872,42298834944,48384000,0,0,"{""all"": 69047622144, ""frozen"": 66280430080, ""lora_fake"": 1383596032, ""lora_student"": 1383596032}","{""cpu_copy_count"": 0, ""offloaded_logical_bytes"": 0, ""offloaded_storage_bytes"": 0, ""pack_count"": 0, ""unpack_count"": 0}"
2026-08-19 15:18:37.070,block_44_post,3,44,post,7012850176,18979225600,7012850176,0,22498639872,42298834944,48384000,0,0,"{""all"": 69047622144, ""frozen"": 66280430080, ""lora_fake"": 1383596032, ""lora_student"": 1383596032}","{""cpu_copy_count"": 0, ""offloaded_logical_bytes"": 0, ""offloaded_storage_bytes"": 0, ""pack_count"": 0, ""unpack_count"": 0}"
2026-08-19 15:18:37.083,block_45_pre,3,45,pre,7431118336,18979225600,7431118336,0,22498639872,42298834944,48384000,0,0,"{""all"": 69047622144, ""frozen"": 66280430080, ""lora_fake"": 1383596032, ""lora_student"": 1383596032}","{""cpu_copy_count"": 0, ""offloaded_logical_bytes"": 0, ""offloaded_storage_bytes"": 0, ""pack_count"": 0, ""unpack_count"": 0}"
2026-08-19 15:18:37.426,block_45_post,3,45,post,7012850176,18979225600,7012850176,0,22498639872,42298834944,48384000,0,0,"{""all"": 69047622144, ""frozen"": 66280430080, ""lora_fake"": 1383596032, ""lora_student"": 1383596032}","{""cpu_copy_count"": 0, ""offloaded_logical_bytes"": 0, ""offloaded_storage_bytes"": 0, ""pack_count"": 0, ""unpack_count"": 0}"
2026-08-19 15:18:37.437,block_46_pre,3,46,pre,7431118336,18979225600,7431118336,0,22498639872,42298834944,48384000,0,0,"{""all"": 69047622144, ""frozen"": 66280430080, ""lora_fake"": 1383596032, ""lora_student"": 1383596032}","{""cpu_copy_count"": 0, ""offloaded_logical_bytes"": 0, ""offloaded_storage_bytes"": 0, ""pack_count"": 0, ""unpack_count"": 0}"
2026-08-19 15:18:37.785,block_46_post,3,46,post,7012850176,18979225600,7012850176,0,22498639872,42298834944,48384000,0,0,"{""all"": 69047622144, ""frozen"": 66280430080, ""lora_fake"": 1383596032, ""lora_student"": 1383596032}","{""cpu_copy_count"": 0, ""offloaded_logical_bytes"": 0, ""offloaded_storage_bytes"": 0, ""pack_count"": 0, ""unpack_count"": 0}"
2026-08-19 15:18:37.796,block_47_pre,3,47,pre,7431118336,18979225600,7431118336,0,22498639872,42298834944,48384000,0,0,"{""all"": 69047622144, ""frozen"": 66280430080, ""lora_fake"": 1383596032, ""lora_student"": 1383596032}","{""cpu_copy_count"": 0, ""offloaded_logical_bytes"": 0, ""offloaded_storage_bytes"": 0, ""pack_count"": 0, ""unpack_count"": 0}"
2026-08-19 15:18:38.144,block_47_post,3,47,post,7012850176,18979225600,7012850176,0,22498639872,42298834944,48384000,0,0,"{""all"": 69047622144, ""frozen"": 66280430080, ""lora_fake"": 1383596032, ""lora_student"": 1383596032}","{""cpu_copy_count"": 0, ""offloaded_logical_bytes"": 0, ""offloaded_storage_bytes"": 0, ""pack_count"": 0, ""unpack_count"": 0}"
2026-08-19 15:18:38.155,block_48_pre,3,48,pre,7431118336,18979225600,7431118336,0,22498639872,42298834944,48384000,0,0,"{""all"": 69047622144, ""frozen"": 66280430080, ""lora_fake"": 1383596032, ""lora_student"": 1383596032}","{""cpu_copy_count"": 0, ""offloaded_logical_bytes"": 0, ""offloaded_storage_bytes"": 0, ""pack_count"": 0, ""unpack_count"": 0}"
2026-08-19 15:18:38.504,block_48_post,3,48,post,7012850176,18979225600,7012850176,0,22498639872,42298834944,48384000,0,0,"{""all"": 69047622144, ""frozen"": 66280430080, ""lora_fake"": 1383596032, ""lora_student"": 1383596032}","{""cpu_copy_count"": 0, ""offloaded_logical_bytes"": 0, ""offloaded_storage_bytes"": 0, ""pack_count"": 0, ""unpack_count"": 0}"
2026-08-19 15:18:38.516,block_49_pre,3,49,pre,7431118336,18979225600,7431118336,0,22498639872,42298834944,48384000,0,0,"{""all"": 69047622144, ""frozen"": 66280430080, ""lora_fake"": 1383596032, ""lora_student"": 1383596032}","{""cpu_copy_count"": 0, ""offloaded_logical_bytes"": 0, ""offloaded_storage_bytes"": 0, ""pack_count"": 0, ""unpack_count"": 0}"
2026-08-19 15:18:38.864,block_49_post,3,49,post,7012850176,18979225600,7012850176,0,22498639872,42298834944,48384000,0,0,"{""all"": 69047622144, ""frozen"": 66280430080, ""lora_fake"": 1383596032, ""lora_student"": 1383596032}","{""cpu_copy_count"": 0, ""offloaded_logical_bytes"": 0, ""offloaded_storage_bytes"": 0, ""pack_count"": 0, ""unpack_count"": 0}"
2026-08-19 15:18:44.915,block_0_pre,4,0,pre,7451117568,18998099968,7451117568,0,22479765504,42298834944,67737600,0,0,"{""all"": 69047622144, ""frozen"": 66280430080, ""lora_fake"": 1383596032, ""lora_student"": 1383596032}","{""cpu_copy_count"": 1, ""offloaded_logical_bytes"": 405672960, ""offloaded_storage_bytes"": 405672960, ""pack_count"": 4, ""unpack_count"": 0}"
2026-08-19 15:18:44.929,block_0_post,4,0,post,7032849408,18998099968,7032849408,0,22479765504,42298834944,67737600,0,0,"{""all"": 69047622144, ""frozen"": 66280430080, ""lora_fake"": 1383596032, ""lora_student"": 1383596032}","{""cpu_copy_count"": 1, ""offloaded_logical_bytes"": 405672960, ""offloaded_storage_bytes"": 405672960, ""pack_count"": 4, ""unpack_count"": 0}"
2026-08-19 15:18:45.329,block_1_pre,4,1,pre,7451117568,18998099968,7451117568,0,22477668352,42298834944,67737600,0,0,"{""all"": 69047622144, ""frozen"": 66280430080, ""lora_fake"": 1383596032, ""lora_student"": 1383596032}","{""cpu_copy_count"": 2, ""offloaded_logical_bytes"": 811345920, ""offloaded_storage_bytes"": 811345920, ""pack_count"": 8, ""unpack_count"": 0}"
2026-08-19 15:18:45.344,block_1_post,4,1,post,7032849408,18998099968,7032849408,0,22477668352,42298834944,67737600,0,0,"{""all"": 69047622144, ""frozen"": 66280430080, ""lora_fake"": 1383596032, ""lora_student"": 1383596032}","{""cpu_copy_count"": 2, ""offloaded_logical_bytes"": 811345920, ""offloaded_storage_bytes"": 811345920, ""pack_count"": 8, ""unpack_count"": 0}"
2026-08-19 15:18:45.739,block_2_pre,4,2,pre,7451117568,18998099968,7451117568,0,22477668352,42298834944,67737600,0,0,"{""all"": 69047622144, ""frozen"": 66280430080, ""lora_fake"": 1383596032, ""lora_student"": 1383596032}","{""cpu_copy_count"": 3, ""offloaded_logical_bytes"": 1217018880, ""offloaded_storage_bytes"": 1217018880, ""pack_count"": 12, ""unpack_count"": 0}"
2026-08-19 15:18:45.753,block_2_post,4,2,post,7032849408,18998099968,7032849408,0,22477668352,42298834944,67737600,0,0,"{""all"": 69047622144, ""frozen"": 66280430080, ""lora_fake"": 1383596032, ""lora_student"": 1383596032}","{""cpu_copy_count"": 3, ""offloaded_logical_bytes"": 1217018880, ""offloaded_storage_bytes"": 1217018880, ""pack_count"": 12, ""unpack_count"": 0}"
2026-08-19 15:18:46.151,block_3_pre,4,3,pre,7451117568,18998099968,7451117568,0,22475571200,42298834944,67737600,0,0,"{""all"": 69047622144, ""frozen"": 66280430080, ""lora_fake"": 1383596032, ""lora_student"": 1383596032}","{""cpu_copy_count"": 4, ""offloaded_logical_bytes"": 1622691840, ""offloaded_storage_bytes"": 1622691840, ""pack_count"": 16, ""unpack_count"": 0}"
2026-08-19 15:18:46.165,block_3_post,4,3,post,7032849408,18998099968,7032849408,0,22475571200,42298834944,67737600,0,0,"{""all"": 69047622144, ""frozen"": 66280430080, ""lora_fake"": 1383596032, ""lora_student"": 1383596032}","{""cpu_copy_count"": 4, ""offloaded_logical_bytes"": 1622691840, ""offloaded_storage_bytes"": 1622691840, ""pack_count"": 16, ""unpack_count"": 0}"
2026-08-19 15:18:46.561,block_4_pre,4,4,pre,7451117568,18998099968,7451117568,0,22475571200,42298834944,67737600,0,0,"{""all"": 69047622144, ""frozen"": 66280430080, ""lora_fake"": 1383596032, ""lora_student"": 1383596032}","{""cpu_copy_count"": 5, ""offloaded_logical_bytes"": 2028364800, ""offloaded_storage_bytes"": 2028364800, ""pack_count"": 20, ""unpack_count"": 0}"
2026-08-19 15:18:46.576,block_4_post,4,4,post,7032849408,18998099968,7032849408,0,22475571200,42298834944,67737600,0,0,"{""all"": 69047622144, ""frozen"": 66280430080, ""lora_fake"": 1383596032, ""lora_student"": 1383596032}","{""cpu_copy_count"": 5, ""offloaded_logical_bytes"": 2028364800, ""offloaded_storage_bytes"": 2028364800, ""pack_count"": 20, ""unpack_count"": 0}"
2026-08-19 15:18:46.971,block_5_pre,4,5,pre,7451117568,18998099968,7451117568,0,22473474048,42298834944,67737600,0,0,"{""all"": 69047622144, ""frozen"": 66280430080, ""lora_fake"": 1383596032, ""lora_student"": 1383596032}","{""cpu_copy_count"": 6, ""offloaded_logical_bytes"": 2434037760, ""offloaded_storage_bytes"": 2434037760, ""pack_count"": 24, ""unpack_count"": 0}"
2026-08-19 15:18:46.985,block_5_post,4,5,post,7032849408,18998099968,7032849408,0,22473474048,42298834944,67737600,0,0,"{""all"": 69047622144, ""frozen"": 66280430080, ""lora_fake"": 1383596032, ""lora_student"": 1383596032}","{""cpu_copy_count"": 6, ""offloaded_logical_bytes"": 2434037760, ""offloaded_storage_bytes"": 2434037760, ""pack_count"": 24, ""unpack_count"": 0}"
2026-08-19 15:18:47.387,block_6_pre,4,6,pre,7451117568,18998099968,7451117568,0,22473474048,42298834944,67737600,0,0,"{""all"": 69047622144, ""frozen"": 66280430080, ""lora_fake"": 1383596032, ""lora_student"": 1383596032}","{""cpu_copy_count"": 7, ""offloaded_logical_bytes"": 2839710720, ""offloaded_storage_bytes"": 2839710720, ""pack_count"": 28, ""unpack_count"": 0}"
2026-08-19 15:18:47.401,block_6_post,4,6,post,7032849408,18998099968,7032849408,0,22473474048,42298834944,67737600,0,0,"{""all"": 69047622144, ""frozen"": 66280430080, ""lora_fake"": 1383596032, ""lora_student"": 1383596032}","{""cpu_copy_count"": 7, ""offloaded_logical_bytes"": 2839710720, ""offloaded_storage_bytes"": 2839710720, ""pack_count"": 28, ""unpack_count"": 0}"
2026-08-19 15:18:47.799,block_7_pre,4,7,pre,7451117568,18998099968,7451117568,0,22471376896,42298834944,67737600,0,0,"{""all"": 69047622144, ""frozen"": 66280430080, ""lora_fake"": 1383596032, ""lora_student"": 1383596032}","{""cpu_copy_count"": 8, ""offloaded_logical_bytes"": 3245383680, ""offloaded_storage_bytes"": 3245383680, ""pack_count"": 32, ""unpack_count"": 0}"
2026-08-19 15:18:47.814,block_7_post,4,7,post,7032849408,18998099968,7032849408,0,22471376896,42298834944,67737600,0,0,"{""all"": 69047622144, ""frozen"": 66280430080, ""lora_fake"": 1383596032, ""lora_student"": 1383596032}","{""cpu_copy_count"": 8, ""offloaded_logical_bytes"": 3245383680, ""offloaded_storage_bytes"": 3245383680, ""pack_count"": 32, ""unpack_count"": 0}"
2026-08-19 15:18:48.210,block_8_pre,4,8,pre,7451117568,18998099968,7451117568,0,22471376896,42298834944,67737600,0,0,"{""all"": 69047622144, ""frozen"": 66280430080, ""lora_fake"": 1383596032, ""lora_student"": 1383596032}","{""cpu_copy_count"": 9, ""offloaded_logical_bytes"": 3651056640, ""offloaded_storage_bytes"": 3651056640, ""pack_count"": 36, ""unpack_count"": 0}"
2026-08-19 15:18:48.225,block_8_post,4,8,post,7032849408,18998099968,7032849408,0,22471376896,42298834944,67737600,0,0,"{""all"": 69047622144, ""frozen"": 66280430080, ""lora_fake"": 1383596032, ""lora_student"": 1383596032}","{""cpu_copy_count"": 9, ""offloaded_logical_bytes"": 3651056640, ""offloaded_storage_bytes"": 3651056640, ""pack_count"": 36, ""unpack_count"": 0}"
2026-08-19 15:18:48.628,block_9_pre,4,9,pre,7451117568,18998099968,7451117568,0,22469279744,42298834944,67737600,0,0,"{""all"": 69047622144, ""frozen"": 66280430080, ""lora_fake"": 1383596032, ""lora_student"": 1383596032}","{""cpu_copy_count"": 10, ""offloaded_logical_bytes"": 4056729600, ""offloaded_storage_bytes"": 4056729600, ""pack_count"": 40, ""unpack_count"": 0}"
2026-08-19 15:18:48.643,block_9_post,4,9,post,7032849408,18998099968,7032849408,0,22469279744,42298834944,67737600,0,0,"{""all"": 69047622144, ""frozen"": 66280430080, ""lora_fake"": 1383596032, ""lora_student"": 1383596032}","{""cpu_copy_count"": 10, ""offloaded_logical_bytes"": 4056729600, ""offloaded_storage_bytes"": 4056729600, ""pack_count"": 40, ""unpack_count"": 0}"
2026-08-19 15:18:49.043,block_10_pre,4,10,pre,7451117568,18998099968,7451117568,0,22469279744,42298834944,67737600,0,0,"{""all"": 69047622144, ""frozen"": 66280430080, ""lora_fake"": 1383596032, ""lora_student"": 1383596032}","{""cpu_copy_count"": 11, ""offloaded_logical_bytes"": 4462402560, ""offloaded_storage_bytes"": 4462402560, ""pack_count"": 44, ""unpack_count"": 0}"
2026-08-19 15:18:49.058,block_10_post,4,10,post,7032849408,18998099968,7032849408,0,22469279744,42298834944,67737600,0,0,"{""all"": 69047622144, ""frozen"": 66280430080, ""lora_fake"": 1383596032, ""lora_student"": 1383596032}","{""cpu_copy_count"": 11, ""offloaded_logical_bytes"": 4462402560, ""offloaded_storage_bytes"": 4462402560, ""pack_count"": 44, ""unpack_count"": 0}"
2026-08-19 15:18:49.456,block_11_pre,4,11,pre,7451117568,18998099968,7451117568,0,22467182592,42298834944,67737600,0,0,"{""all"": 69047622144, ""frozen"": 66280430080, ""lora_fake"": 1383596032, ""lora_student"": 1383596032}","{""cpu_copy_count"": 12, ""offloaded_logical_bytes"": 4868075520, ""offloaded_storage_bytes"": 4868075520, ""pack_count"": 48, ""unpack_count"": 0}"
2026-08-19 15:18:49.471,block_11_post,4,11,post,7032849408,18998099968,7032849408,0,22467182592,42298834944,67737600,0,0,"{""all"": 69047622144, ""frozen"": 66280430080, ""lora_fake"": 1383596032, ""lora_student"": 1383596032}","{""cpu_copy_count"": 12, ""offloaded_logical_bytes"": 4868075520, ""offloaded_storage_bytes"": 4868075520, ""pack_count"": 48, ""unpack_count"": 0}"
2026-08-19 15:18:49.864,block_12_pre,4,12,pre,7451117568,18998099968,7451117568,0,22467182592,42298834944,67737600,0,0,"{""all"": 69047622144, ""frozen"": 66280430080, ""lora_fake"": 1383596032, ""lora_student"": 1383596032}","{""cpu_copy_count"": 13, ""offloaded_logical_bytes"": 5273748480, ""offloaded_storage_bytes"": 5273748480, ""pack_count"": 52, ""unpack_count"": 0}"
2026-08-19 15:18:49.878,block_12_post,4,12,post,7032849408,18998099968,7032849408,0,22467182592,42298834944,67737600,0,0,"{""all"": 69047622144, ""frozen"": 66280430080, ""lora_fake"": 1383596032, ""lora_student"": 1383596032}","{""cpu_copy_count"": 13, ""offloaded_logical_bytes"": 5273748480, ""offloaded_storage_bytes"": 5273748480, ""pack_count"": 52, ""unpack_count"": 0}"
2026-08-19 15:18:50.286,block_13_pre,4,13,pre,7451117568,18998099968,7451117568,0,22465085440,42298834944,67737600,0,0,"{""all"": 69047622144, ""frozen"": 66280430080, ""lora_fake"": 1383596032, ""lora_student"": 1383596032}","{""cpu_copy_count"": 14, ""offloaded_logical_bytes"": 5679421440, ""offloaded_storage_bytes"": 5679421440, ""pack_count"": 56, ""unpack_count"": 0}"
2026-08-19 15:18:50.302,block_13_post,4,13,post,7032849408,18998099968,7032849408,0,22465085440,42298834944,67737600,0,0,"{""all"": 69047622144, ""frozen"": 66280430080, ""lora_fake"": 1383596032, ""lora_student"": 1383596032}","{""cpu_copy_count"": 14, ""offloaded_logical_bytes"": 5679421440, ""offloaded_storage_bytes"": 5679421440, ""pack_count"": 56, ""unpack_count"": 0}"
2026-08-19 15:18:50.691,block_14_pre,4,14,pre,7451117568,18998099968,7451117568,0,22465085440,42298834944,67737600,0,0,"{""all"": 69047622144, ""frozen"": 66280430080, ""lora_fake"": 1383596032, ""lora_student"": 1383596032}","{""cpu_copy_count"": 15, ""offloaded_logical_bytes"": 6085094400, ""offloaded_storage_bytes"": 6085094400, ""pack_count"": 60, ""unpack_count"": 0}"
2026-08-19 15:18:50.706,block_14_post,4,14,post,7032849408,18998099968,7032849408,0,22465085440,42298834944,67737600,0,0,"{""all"": 69047622144, ""frozen"": 66280430080, ""lora_fake"": 1383596032, ""lora_student"": 1383596032}","{""cpu_copy_count"": 15, ""offloaded_logical_bytes"": 6085094400, ""offloaded_storage_bytes"": 6085094400, ""pack_count"": 60, ""unpack_count"": 0}"
2026-08-19 15:18:51.105,block_15_pre,4,15,pre,7451117568,18998099968,7451117568,0,22462988288,42298834944,67737600,0,0,"{""all"": 69047622144, ""frozen"": 66280430080, ""lora_fake"": 1383596032, ""lora_student"": 1383596032}","{""cpu_copy_count"": 16, ""offloaded_logical_bytes"": 6490767360, ""offloaded_storage_bytes"": 6490767360, ""pack_count"": 64, ""unpack_count"": 0}"
2026-08-19 15:18:51.119,block_15_post,4,15,post,7032849408,18998099968,7032849408,0,22462988288,42298834944,67737600,0,0,"{""all"": 69047622144, ""frozen"": 66280430080, ""lora_fake"": 1383596032, ""lora_student"": 1383596032}","{""cpu_copy_count"": 16, ""offloaded_logical_bytes"": 6490767360, ""offloaded_storage_bytes"": 6490767360, ""pack_count"": 64, ""unpack_count"": 0}"
2026-08-19 15:18:51.516,block_16_pre,4,16,pre,7451117568,18998099968,7451117568,0,22462988288,42298834944,67737600,0,0,"{""all"": 69047622144, ""frozen"": 66280430080, ""lora_fake"": 1383596032, ""lora_student"": 1383596032}","{""cpu_copy_count"": 17, ""offloaded_logical_bytes"": 6896440320, ""offloaded_storage_bytes"": 6896440320, ""pack_count"": 68, ""unpack_count"": 0}"
2026-08-19 15:18:51.531,block_16_post,4,16,post,7032849408,18998099968,7032849408,0,22462988288,42298834944,67737600,0,0,"{""all"": 69047622144, ""frozen"": 66280430080, ""lora_fake"": 1383596032, ""lora_student"": 1383596032}","{""cpu_copy_count"": 17, ""offloaded_logical_bytes"": 6896440320, ""offloaded_storage_bytes"": 6896440320, ""pack_count"": 68, ""unpack_count"": 0}"
2026-08-19 15:18:51.926,block_17_pre,4,17,pre,7451117568,18998099968,7451117568,0,22460891136,42298834944,67737600,0,0,"{""all"": 69047622144, ""frozen"": 66280430080, ""lora_fake"": 1383596032, ""lora_student"": 1383596032}","{""cpu_copy_count"": 18, ""offloaded_logical_bytes"": 7302113280, ""offloaded_storage_bytes"": 7302113280, ""pack_count"": 72, ""unpack_count"": 0}"
2026-08-19 15:18:51.942,block_17_post,4,17,post,7032849408,18998099968,7032849408,0,22460891136,42298834944,67737600,0,0,"{""all"": 69047622144, ""frozen"": 66280430080, ""lora_fake"": 1383596032, ""lora_student"": 1383596032}","{""cpu_copy_count"": 18, ""offloaded_logical_bytes"": 7302113280, ""offloaded_storage_bytes"": 7302113280, ""pack_count"": 72, ""unpack_count"": 0}"
2026-08-19 15:18:52.343,block_18_pre,4,18,pre,7451117568,18998099968,7451117568,0,22460891136,42298834944,67737600,0,0,"{""all"": 69047622144, ""frozen"": 66280430080, ""lora_fake"": 1383596032, ""lora_student"": 1383596032}","{""cpu_copy_count"": 19, ""offloaded_logical_bytes"": 7707786240, ""offloaded_storage_bytes"": 7707786240, ""pack_count"": 76, ""unpack_count"": 0}"
2026-08-19 15:18:52.358,block_18_post,4,18,post,7032849408,18998099968,7032849408,0,22460891136,42298834944,67737600,0,0,"{""all"": 69047622144, ""frozen"": 66280430080, ""lora_fake"": 1383596032, ""lora_student"": 1383596032}","{""cpu_copy_count"": 19, ""offloaded_logical_bytes"": 7707786240, ""offloaded_storage_bytes"": 7707786240, ""pack_count"": 76, ""unpack_count"": 0}"
2026-08-19 15:18:52.755,block_19_pre,4,19,pre,7451117568,18998099968,7451117568,0,22458793984,42298834944,67737600,0,0,"{""all"": 69047622144, ""frozen"": 66280430080, ""lora_fake"": 1383596032, ""lora_student"": 1383596032}","{""cpu_copy_count"": 20, ""offloaded_logical_bytes"": 8113459200, ""offloaded_storage_bytes"": 8113459200, ""pack_count"": 80, ""unpack_count"": 0}"
2026-08-19 15:18:52.769,block_19_post,4,19,post,7032849408,18998099968,7032849408,0,22458793984,42298834944,67737600,0,0,"{""all"": 69047622144, ""frozen"": 66280430080, ""lora_fake"": 1383596032, ""lora_student"": 1383596032}","{""cpu_copy_count"": 20, ""offloaded_logical_bytes"": 8113459200, ""offloaded_storage_bytes"": 8113459200, ""pack_count"": 80, ""unpack_count"": 0}"
2026-08-19 15:18:53.168,block_20_pre,4,20,pre,7451117568,18998099968,7451117568,0,22458793984,42298834944,67737600,0,0,"{""all"": 69047622144, ""frozen"": 66280430080, ""lora_fake"": 1383596032, ""lora_student"": 1383596032}","{""cpu_copy_count"": 21, ""offloaded_logical_bytes"": 8519132160, ""offloaded_storage_bytes"": 8519132160, ""pack_count"": 84, ""unpack_count"": 0}"
2026-08-19 15:18:53.182,block_20_post,4,20,post,7032849408,18998099968,7032849408,0,22458793984,42298834944,67737600,0,0,"{""all"": 69047622144, ""frozen"": 66280430080, ""lora_fake"": 1383596032, ""lora_student"": 1383596032}","{""cpu_copy_count"": 21, ""offloaded_logical_bytes"": 8519132160, ""offloaded_storage_bytes"": 8519132160, ""pack_count"": 84, ""unpack_count"": 0}"
2026-08-19 15:18:53.580,block_21_pre,4,21,pre,7451117568,18998099968,7451117568,0,22456696832,42298834944,67737600,0,0,"{""all"": 69047622144, ""frozen"": 66280430080, ""lora_fake"": 1383596032, ""lora_student"": 1383596032}","{""cpu_copy_count"": 22, ""offloaded_logical_bytes"": 8924805120, ""offloaded_storage_bytes"": 8924805120, ""pack_count"": 88, ""unpack_count"": 0}"
2026-08-19 15:18:53.595,block_21_post,4,21,post,7032849408,18998099968,7032849408,0,22456696832,42298834944,67737600,0,0,"{""all"": 69047622144, ""frozen"": 66280430080, ""lora_fake"": 1383596032, ""lora_student"": 1383596032}","{""cpu_copy_count"": 22, ""offloaded_logical_bytes"": 8924805120, ""offloaded_storage_bytes"": 8924805120, ""pack_count"": 88, ""unpack_count"": 0}"
2026-08-19 15:18:53.992,block_22_pre,4,22,pre,7451117568,18998099968,7451117568,0,22456696832,42298834944,67737600,0,0,"{""all"": 69047622144, ""frozen"": 66280430080, ""lora_fake"": 1383596032, ""lora_student"": 1383596032}","{""cpu_copy_count"": 23, ""offloaded_logical_bytes"": 9330478080, ""offloaded_storage_bytes"": 9330478080, ""pack_count"": 92, ""unpack_count"": 0}"
2026-08-19 15:18:54.006,block_22_post,4,22,post,7032849408,18998099968,7032849408,0,22456696832,42298834944,67737600,0,0,"{""all"": 69047622144, ""frozen"": 66280430080, ""lora_fake"": 1383596032, ""lora_student"": 1383596032}","{""cpu_copy_count"": 23, ""offloaded_logical_bytes"": 9330478080, ""offloaded_storage_bytes"": 9330478080, ""pack_count"": 92, ""unpack_count"": 0}"
2026-08-19 15:18:54.406,block_23_pre,4,23,pre,7451117568,18998099968,7451117568,0,22454599680,42298834944,67737600,0,0,"{""all"": 69047622144, ""frozen"": 66280430080, ""lora_fake"": 1383596032, ""lora_student"": 1383596032}","{""cpu_copy_count"": 24, ""offloaded_logical_bytes"": 9736151040, ""offloaded_storage_bytes"": 9736151040, ""pack_count"": 96, ""unpack_count"": 0}"
2026-08-19 15:18:54.420,block_23_post,4,23,post,7032849408,18998099968,7032849408,0,22454599680,42298834944,67737600,0,0,"{""all"": 69047622144, ""frozen"": 66280430080, ""lora_fake"": 1383596032, ""lora_student"": 1383596032}","{""cpu_copy_count"": 24, ""offloaded_logical_bytes"": 9736151040, ""offloaded_storage_bytes"": 9736151040, ""pack_count"": 96, ""unpack_count"": 0}"
2026-08-19 15:18:54.814,block_24_pre,4,24,pre,7451117568,18998099968,7451117568,0,22454599680,42298834944,67737600,0,0,"{""all"": 69047622144, ""frozen"": 66280430080, ""lora_fake"": 1383596032, ""lora_student"": 1383596032}","{""cpu_copy_count"": 25, ""offloaded_logical_bytes"": 10141824000, ""offloaded_storage_bytes"": 10141824000, ""pack_count"": 100, ""unpack_count"": 0}"
2026-08-19 15:18:54.829,block_24_post,4,24,post,7032849408,18998099968,7032849408,0,22454599680,42298834944,67737600,0,0,"{""all"": 69047622144, ""frozen"": 66280430080, ""lora_fake"": 1383596032, ""lora_student"": 1383596032}","{""cpu_copy_count"": 25, ""offloaded_logical_bytes"": 10141824000, ""offloaded_storage_bytes"": 10141824000, ""pack_count"": 100, ""unpack_count"": 0}"
2026-08-19 15:18:55.230,block_25_pre,4,25,pre,7451117568,18998099968,7451117568,0,22452502528,42298834944,67737600,0,0,"{""all"": 69047622144, ""frozen"": 66280430080, ""lora_fake"": 1383596032, ""lora_student"": 1383596032}","{""cpu_copy_count"": 26, ""offloaded_logical_bytes"": 10547496960, ""offloaded_storage_bytes"": 10547496960, ""pack_count"": 104, ""unpack_count"": 0}"
2026-08-19 15:18:55.244,block_25_post,4,25,post,7032849408,18998099968,7032849408,0,22452502528,42298834944,67737600,0,0,"{""all"": 69047622144, ""frozen"": 66280430080, ""lora_fake"": 1383596032, ""lora_student"": 1383596032}","{""cpu_copy_count"": 26, ""offloaded_logical_bytes"": 10547496960, ""offloaded_storage_bytes"": 10547496960, ""pack_count"": 104, ""unpack_count"": 0}"
2026-08-19 15:18:55.643,block_26_pre,4,26,pre,7451117568,18998099968,7451117568,0,22452502528,42298834944,67737600,0,0,"{""all"": 69047622144, ""frozen"": 66280430080, ""lora_fake"": 1383596032, ""lora_student"": 1383596032}","{""cpu_copy_count"": 27, ""offloaded_logical_bytes"": 10953169920, ""offloaded_storage_bytes"": 10953169920, ""pack_count"": 108, ""unpack_count"": 0}"
2026-08-19 15:18:55.658,block_26_post,4,26,post,7032849408,18998099968,7032849408,0,22452502528,42298834944,67737600,0,0,"{""all"": 69047622144, ""frozen"": 66280430080, ""lora_fake"": 1383596032, ""lora_student"": 1383596032}","{""cpu_copy_count"": 27, ""offloaded_logical_bytes"": 10953169920, ""offloaded_storage_bytes"": 10953169920, ""pack_count"": 108, ""unpack_count"": 0}"
2026-08-19 15:18:56.056,block_27_pre,4,27,pre,7451117568,18998099968,7451117568,0,22450405376,42298834944,67737600,0,0,"{""all"": 69047622144, ""frozen"": 66280430080, ""lora_fake"": 1383596032, ""lora_student"": 1383596032}","{""cpu_copy_count"": 28, ""offloaded_logical_bytes"": 11358842880, ""offloaded_storage_bytes"": 11358842880, ""pack_count"": 112, ""unpack_count"": 0}"
2026-08-19 15:18:56.073,block_27_post,4,27,post,7032849408,18998099968,7032849408,0,22450405376,42298834944,67737600,0,0,"{""all"": 69047622144, ""frozen"": 66280430080, ""lora_fake"": 1383596032, ""lora_student"": 1383596032}","{""cpu_copy_count"": 28, ""offloaded_logical_bytes"": 11358842880, ""offloaded_storage_bytes"": 11358842880, ""pack_count"": 112, ""unpack_count"": 0}"
2026-08-19 15:18:56.472,block_28_pre,4,28,pre,7451117568,18998099968,7451117568,0,22450405376,42298834944,67737600,0,0,"{""all"": 69047622144, ""frozen"": 66280430080, ""lora_fake"": 1383596032, ""lora_student"": 1383596032}","{""cpu_copy_count"": 29, ""offloaded_logical_bytes"": 11764515840, ""offloaded_storage_bytes"": 11764515840, ""pack_count"": 116, ""unpack_count"": 0}"
2026-08-19 15:18:56.486,block_28_post,4,28,post,7032849408,18998099968,7032849408,0,22450405376,42298834944,67737600,0,0,"{""all"": 69047622144, ""frozen"": 66280430080, ""lora_fake"": 1383596032, ""lora_student"": 1383596032}","{""cpu_copy_count"": 29, ""offloaded_logical_bytes"": 11764515840, ""offloaded_storage_bytes"": 11764515840, ""pack_count"": 116, ""unpack_count"": 0}"
2026-08-19 15:18:56.882,block_29_pre,4,29,pre,7451117568,18998099968,7451117568,0,22448308224,42298834944,67737600,0,0,"{""all"": 69047622144, ""frozen"": 66280430080, ""lora_fake"": 1383596032, ""lora_student"": 1383596032}","{""cpu_copy_count"": 30, ""offloaded_logical_bytes"": 12170188800, ""offloaded_storage_bytes"": 12170188800, ""pack_count"": 120, ""unpack_count"": 0}"
2026-08-19 15:18:56.896,block_29_post,4,29,post,7032849408,18998099968,7032849408,0,22448308224,42298834944,67737600,0,0,"{""all"": 69047622144, ""frozen"": 66280430080, ""lora_fake"": 1383596032, ""lora_student"": 1383596032}","{""cpu_copy_count"": 30, ""offloaded_logical_bytes"": 12170188800, ""offloaded_storage_bytes"": 12170188800, ""pack_count"": 120, ""unpack_count"": 0}"
2026-08-19 15:18:57.293,block_30_pre,4,30,pre,7451117568,18998099968,7451117568,0,22448308224,42298834944,67737600,0,0,"{""all"": 69047622144, ""frozen"": 66280430080, ""lora_fake"": 1383596032, ""lora_student"": 1383596032}","{""cpu_copy_count"": 31, ""offloaded_logical_bytes"": 12575861760, ""offloaded_storage_bytes"": 12575861760, ""pack_count"": 124, ""unpack_count"": 0}"
2026-08-19 15:18:57.307,block_30_post,4,30,post,7032849408,18998099968,7032849408,0,22448308224,42298834944,67737600,0,0,"{""all"": 69047622144, ""frozen"": 66280430080, ""lora_fake"": 1383596032, ""lora_student"": 1383596032}","{""cpu_copy_count"": 31, ""offloaded_logical_bytes"": 12575861760, ""offloaded_storage_bytes"": 12575861760, ""pack_count"": 124, ""unpack_count"": 0}"
2026-08-19 15:18:57.709,block_31_pre,4,31,pre,7451117568,18998099968,7451117568,0,22446211072,42298834944,67737600,0,0,"{""all"": 69047622144, ""frozen"": 66280430080, ""lora_fake"": 1383596032, ""lora_student"": 1383596032}","{""cpu_copy_count"": 32, ""offloaded_logical_bytes"": 12981534720, ""offloaded_storage_bytes"": 12981534720, ""pack_count"": 128, ""unpack_count"": 0}"
2026-08-19 15:18:57.723,block_31_post,4,31,post,7032849408,18998099968,7032849408,0,22446211072,42298834944,67737600,0,0,"{""all"": 69047622144, ""frozen"": 66280430080, ""lora_fake"": 1383596032, ""lora_student"": 1383596032}","{""cpu_copy_count"": 32, ""offloaded_logical_bytes"": 12981534720, ""offloaded_storage_bytes"": 12981534720, ""pack_count"": 128, ""unpack_count"": 0}"
2026-08-19 15:18:58.121,block_32_pre,4,32,pre,7451117568,18998099968,7451117568,0,22446211072,42298834944,67737600,0,0,"{""all"": 69047622144, ""frozen"": 66280430080, ""lora_fake"": 1383596032, ""lora_student"": 1383596032}","{""cpu_copy_count"": 33, ""offloaded_logical_bytes"": 13387207680, ""offloaded_storage_bytes"": 13387207680, ""pack_count"": 132, ""unpack_count"": 0}"
2026-08-19 15:18:58.135,block_32_post,4,32,post,7032849408,18998099968,7032849408,0,22446211072,42298834944,67737600,0,0,"{""all"": 69047622144, ""frozen"": 66280430080, ""lora_fake"": 1383596032, ""lora_student"": 1383596032}","{""cpu_copy_count"": 33, ""offloaded_logical_bytes"": 13387207680, ""offloaded_storage_bytes"": 13387207680, ""pack_count"": 132, ""unpack_count"": 0}"
2026-08-19 15:18:58.534,block_33_pre,4,33,pre,7451117568,18998099968,7451117568,0,22444113920,42298834944,67737600,0,0,"{""all"": 69047622144, ""frozen"": 66280430080, ""lora_fake"": 1383596032, ""lora_student"": 1383596032}","{""cpu_copy_count"": 34, ""offloaded_logical_bytes"": 13792880640, ""offloaded_storage_bytes"": 13792880640, ""pack_count"": 136, ""unpack_count"": 0}"
2026-08-19 15:18:58.549,block_33_post,4,33,post,7032849408,18998099968,7032849408,0,22444113920,42298834944,67737600,0,0,"{""all"": 69047622144, ""frozen"": 66280430080, ""lora_fake"": 1383596032, ""lora_student"": 1383596032}","{""cpu_copy_count"": 34, ""offloaded_logical_bytes"": 13792880640, ""offloaded_storage_bytes"": 13792880640, ""pack_count"": 136, ""unpack_count"": 0}"
2026-08-19 15:18:58.947,block_34_pre,4,34,pre,7451117568,18998099968,7451117568,0,22444113920,42298834944,67737600,0,0,"{""all"": 69047622144, ""frozen"": 66280430080, ""lora_fake"": 1383596032, ""lora_student"": 1383596032}","{""cpu_copy_count"": 35, ""offloaded_logical_bytes"": 14198553600, ""offloaded_storage_bytes"": 14198553600, ""pack_count"": 140, ""unpack_count"": 0}"
2026-08-19 15:18:58.961,block_34_post,4,34,post,7032849408,18998099968,7032849408,0,22444113920,42298834944,67737600,0,0,"{""all"": 69047622144, ""frozen"": 66280430080, ""lora_fake"": 1383596032, ""lora_student"": 1383596032}","{""cpu_copy_count"": 35, ""offloaded_logical_bytes"": 14198553600, ""offloaded_storage_bytes"": 14198553600, ""pack_count"": 140, ""unpack_count"": 0}"
2026-08-19 15:18:59.363,block_35_pre,4,35,pre,7451117568,18998099968,7451117568,0,22442016768,42298834944,67737600,0,0,"{""all"": 69047622144, ""frozen"": 66280430080, ""lora_fake"": 1383596032, ""lora_student"": 1383596032}","{""cpu_copy_count"": 36, ""offloaded_logical_bytes"": 14604226560, ""offloaded_storage_bytes"": 14604226560, ""pack_count"": 144, ""unpack_count"": 0}"
2026-08-19 15:18:59.394,block_35_post,4,35,post,7032849408,18998099968,7032849408,0,22442016768,42298834944,67737600,0,0,"{""all"": 69047622144, ""frozen"": 66280430080, ""lora_fake"": 1383596032, ""lora_student"": 1383596032}","{""cpu_copy_count"": 36, ""offloaded_logical_bytes"": 14604226560, ""offloaded_storage_bytes"": 14604226560, ""pack_count"": 144, ""unpack_count"": 0}"
2026-08-19 15:18:59.772,block_36_pre,4,36,pre,7451117568,18998099968,7451117568,0,22442016768,42298834944,67737600,0,0,"{""all"": 69047622144, ""frozen"": 66280430080, ""lora_fake"": 1383596032, ""lora_student"": 1383596032}","{""cpu_copy_count"": 37, ""offloaded_logical_bytes"": 15009899520, ""offloaded_storage_bytes"": 15009899520, ""pack_count"": 148, ""unpack_count"": 0}"
2026-08-19 15:18:59.787,block_36_post,4,36,post,7032849408,18998099968,7032849408,0,22442016768,42298834944,67737600,0,0,"{""all"": 69047622144, ""frozen"": 66280430080, ""lora_fake"": 1383596032, ""lora_student"": 1383596032}","{""cpu_copy_count"": 37, ""offloaded_logical_bytes"": 15009899520, ""offloaded_storage_bytes"": 15009899520, ""pack_count"": 148, ""unpack_count"": 0}"
2026-08-19 15:19:00.196,block_37_pre,4,37,pre,7451117568,18998099968,7451117568,0,22439919616,42298834944,67737600,0,0,"{""all"": 69047622144, ""frozen"": 66280430080, ""lora_fake"": 1383596032, ""lora_student"": 1383596032}","{""cpu_copy_count"": 38, ""offloaded_logical_bytes"": 15415572480, ""offloaded_storage_bytes"": 15415572480, ""pack_count"": 152, ""unpack_count"": 0}"
2026-08-19 15:19:00.211,block_37_post,4,37,post,7032849408,18998099968,7032849408,0,22439919616,42298834944,67737600,0,0,"{""all"": 69047622144, ""frozen"": 66280430080, ""lora_fake"": 1383596032, ""lora_student"": 1383596032}","{""cpu_copy_count"": 38, ""offloaded_logical_bytes"": 15415572480, ""offloaded_storage_bytes"": 15415572480, ""pack_count"": 152, ""unpack_count"": 0}"
2026-08-19 15:19:00.612,block_38_pre,4,38,pre,7451117568,18998099968,7451117568,0,22439919616,42298834944,67737600,0,0,"{""all"": 69047622144, ""frozen"": 66280430080, ""lora_fake"": 1383596032, ""lora_student"": 1383596032}","{""cpu_copy_count"": 39, ""offloaded_logical_bytes"": 15821245440, ""offloaded_storage_bytes"": 15821245440, ""pack_count"": 156, ""unpack_count"": 0}"
2026-08-19 15:19:00.626,block_38_post,4,38,post,7032849408,18998099968,7032849408,0,22439919616,42298834944,67737600,0,0,"{""all"": 69047622144, ""frozen"": 66280430080, ""lora_fake"": 1383596032, ""lora_student"": 1383596032}","{""cpu_copy_count"": 39, ""offloaded_logical_bytes"": 15821245440, ""offloaded_storage_bytes"": 15821245440, ""pack_count"": 156, ""unpack_count"": 0}"
2026-08-19 15:19:01.028,block_39_pre,4,39,pre,7451117568,18998099968,7451117568,0,22437822464,42298834944,67737600,0,0,"{""all"": 69047622144, ""frozen"": 66280430080, ""lora_fake"": 1383596032, ""lora_student"": 1383596032}","{""cpu_copy_count"": 40, ""offloaded_logical_bytes"": 16226918400, ""offloaded_storage_bytes"": 16226918400, ""pack_count"": 160, ""unpack_count"": 0}"
2026-08-19 15:19:01.044,block_39_post,4,39,post,7032849408,18998099968,7032849408,0,22437822464,42298834944,67737600,0,0,"{""all"": 69047622144, ""frozen"": 66280430080, ""lora_fake"": 1383596032, ""lora_student"": 1383596032}","{""cpu_copy_count"": 40, ""offloaded_logical_bytes"": 16226918400, ""offloaded_storage_bytes"": 16226918400, ""pack_count"": 160, ""unpack_count"": 0}"
2026-08-19 15:19:01.437,block_40_pre,4,40,pre,7451117568,18998099968,7451117568,0,22437822464,42298834944,67737600,0,0,"{""all"": 69047622144, ""frozen"": 66280430080, ""lora_fake"": 1383596032, ""lora_student"": 1383596032}","{""cpu_copy_count"": 41, ""offloaded_logical_bytes"": 16632591360, ""offloaded_storage_bytes"": 16632591360, ""pack_count"": 164, ""unpack_count"": 0}"
2026-08-19 15:19:01.452,block_40_post,4,40,post,7032849408,18998099968,7032849408,0,22437822464,42298834944,67737600,0,0,"{""all"": 69047622144, ""frozen"": 66280430080, ""lora_fake"": 1383596032, ""lora_student"": 1383596032}","{""cpu_copy_count"": 41, ""offloaded_logical_bytes"": 16632591360, ""offloaded_storage_bytes"": 16632591360, ""pack_count"": 164, ""unpack_count"": 0}"
2026-08-19 15:19:01.848,block_41_pre,4,41,pre,7451117568,18998099968,7451117568,0,22435725312,42298834944,67737600,0,0,"{""all"": 69047622144, ""frozen"": 66280430080, ""lora_fake"": 1383596032, ""lora_student"": 1383596032}","{""cpu_copy_count"": 42, ""offloaded_logical_bytes"": 17038264320, ""offloaded_storage_bytes"": 17038264320, ""pack_count"": 168, ""unpack_count"": 0}"
2026-08-19 15:19:01.862,block_41_post,4,41,post,7032849408,18998099968,7032849408,0,22435725312,42298834944,67737600,0,0,"{""all"": 69047622144, ""frozen"": 66280430080, ""lora_fake"": 1383596032, ""lora_student"": 1383596032}","{""cpu_copy_count"": 42, ""offloaded_logical_bytes"": 17038264320, ""offloaded_storage_bytes"": 17038264320, ""pack_count"": 168, ""unpack_count"": 0}"
2026-08-19 15:19:02.263,block_42_pre,4,42,pre,7451117568,18998099968,7451117568,0,22435725312,42298834944,67737600,0,0,"{""all"": 69047622144, ""frozen"": 66280430080, ""lora_fake"": 1383596032, ""lora_student"": 1383596032}","{""cpu_copy_count"": 43, ""offloaded_logical_bytes"": 17443937280, ""offloaded_storage_bytes"": 17443937280, ""pack_count"": 172, ""unpack_count"": 0}"
2026-08-19 15:19:02.278,block_42_post,4,42,post,7032849408,18998099968,7032849408,0,22435725312,42298834944,67737600,0,0,"{""all"": 69047622144, ""frozen"": 66280430080, ""lora_fake"": 1383596032, ""lora_student"": 1383596032}","{""cpu_copy_count"": 43, ""offloaded_logical_bytes"": 17443937280, ""offloaded_storage_bytes"": 17443937280, ""pack_count"": 172, ""unpack_count"": 0}"
2026-08-19 15:19:02.674,block_43_pre,4,43,pre,7451117568,18998099968,7451117568,0,22433628160,42298834944,67737600,0,0,"{""all"": 69047622144, ""frozen"": 66280430080, ""lora_fake"": 1383596032, ""lora_student"": 1383596032}","{""cpu_copy_count"": 44, ""offloaded_logical_bytes"": 17849610240, ""offloaded_storage_bytes"": 17849610240, ""pack_count"": 176, ""unpack_count"": 0}"
2026-08-19 15:19:02.689,block_43_post,4,43,post,7032849408,18998099968,7032849408,0,22433628160,42298834944,67737600,0,0,"{""all"": 69047622144, ""frozen"": 66280430080, ""lora_fake"": 1383596032, ""lora_student"": 1383596032}","{""cpu_copy_count"": 44, ""offloaded_logical_bytes"": 17849610240, ""offloaded_storage_bytes"": 17849610240, ""pack_count"": 176, ""unpack_count"": 0}"
2026-08-19 15:19:03.084,block_44_pre,4,44,pre,7451117568,18998099968,7451117568,0,22433628160,42298834944,67737600,0,0,"{""all"": 69047622144, ""frozen"": 66280430080, ""lora_fake"": 1383596032, ""lora_student"": 1383596032}","{""cpu_copy_count"": 45, ""offloaded_logical_bytes"": 18255283200, ""offloaded_storage_bytes"": 18255283200, ""pack_count"": 180, ""unpack_count"": 0}"
2026-08-19 15:19:03.099,block_44_post,4,44,post,7032849408,18998099968,7032849408,0,22433628160,42298834944,67737600,0,0,"{""all"": 69047622144, ""frozen"": 66280430080, ""lora_fake"": 1383596032, ""lora_student"": 1383596032}","{""cpu_copy_count"": 45, ""offloaded_logical_bytes"": 18255283200, ""offloaded_storage_bytes"": 18255283200, ""pack_count"": 180, ""unpack_count"": 0}"
2026-08-19 15:19:03.498,block_45_pre,4,45,pre,7451117568,18998099968,7451117568,0,22431531008,42298834944,67737600,0,0,"{""all"": 69047622144, ""frozen"": 66280430080, ""lora_fake"": 1383596032, ""lora_student"": 1383596032}","{""cpu_copy_count"": 46, ""offloaded_logical_bytes"": 18660956160, ""offloaded_storage_bytes"": 18660956160, ""pack_count"": 184, ""unpack_count"": 0}"
2026-08-19 15:19:03.514,block_45_post,4,45,post,7032849408,18998099968,7032849408,0,22431531008,42298834944,67737600,0,0,"{""all"": 69047622144, ""frozen"": 66280430080, ""lora_fake"": 1383596032, ""lora_student"": 1383596032}","{""cpu_copy_count"": 46, ""offloaded_logical_bytes"": 18660956160, ""offloaded_storage_bytes"": 18660956160, ""pack_count"": 184, ""unpack_count"": 0}"
2026-08-19 15:19:03.911,block_46_pre,4,46,pre,7451117568,18998099968,7451117568,0,22431531008,42298834944,67737600,0,0,"{""all"": 69047622144, ""frozen"": 66280430080, ""lora_fake"": 1383596032, ""lora_student"": 1383596032}","{""cpu_copy_count"": 47, ""offloaded_logical_bytes"": 19066629120, ""offloaded_storage_bytes"": 19066629120, ""pack_count"": 188, ""unpack_count"": 0}"
2026-08-19 15:19:03.925,block_46_post,4,46,post,7032849408,18998099968,7032849408,0,22431531008,42298834944,67737600,0,0,"{""all"": 69047622144, ""frozen"": 66280430080, ""lora_fake"": 1383596032, ""lora_student"": 1383596032}","{""cpu_copy_count"": 47, ""offloaded_logical_bytes"": 19066629120, ""offloaded_storage_bytes"": 19066629120, ""pack_count"": 188, ""unpack_count"": 0}"
2026-08-19 15:19:04.326,block_47_pre,4,47,pre,7451117568,18998099968,7451117568,0,22429433856,42298834944,67737600,0,0,"{""all"": 69047622144, ""frozen"": 66280430080, ""lora_fake"": 1383596032, ""lora_student"": 1383596032}","{""cpu_copy_count"": 48, ""offloaded_logical_bytes"": 19472302080, ""offloaded_storage_bytes"": 19472302080, ""pack_count"": 192, ""unpack_count"": 0}"
2026-08-19 15:19:04.343,block_47_post,4,47,post,7032849408,18998099968,7032849408,0,22429433856,42298834944,67737600,0,0,"{""all"": 69047622144, ""frozen"": 66280430080, ""lora_fake"": 1383596032, ""lora_student"": 1383596032}","{""cpu_copy_count"": 48, ""offloaded_logical_bytes"": 19472302080, ""offloaded_storage_bytes"": 19472302080, ""pack_count"": 192, ""unpack_count"": 0}"
2026-08-19 15:19:04.737,block_48_pre,4,48,pre,7451117568,18998099968,7451117568,0,22429433856,42298834944,67737600,0,0,"{""all"": 69047622144, ""frozen"": 66280430080, ""lora_fake"": 1383596032, ""lora_student"": 1383596032}","{""cpu_copy_count"": 49, ""offloaded_logical_bytes"": 19877975040, ""offloaded_storage_bytes"": 19877975040, ""pack_count"": 196, ""unpack_count"": 0}"
2026-08-19 15:19:04.754,block_48_post,4,48,post,7032849408,18998099968,7032849408,0,22429433856,42298834944,67737600,0,0,"{""all"": 69047622144, ""frozen"": 66280430080, ""lora_fake"": 1383596032, ""lora_student"": 1383596032}","{""cpu_copy_count"": 49, ""offloaded_logical_bytes"": 19877975040, ""offloaded_storage_bytes"": 19877975040, ""pack_count"": 196, ""unpack_count"": 0}"
2026-08-19 15:19:05.148,block_49_pre,4,49,pre,7451117568,18998099968,7451117568,0,22427336704,42298834944,67737600,0,0,"{""all"": 69047622144, ""frozen"": 66280430080, ""lora_fake"": 1383596032, ""lora_student"": 1383596032}","{""cpu_copy_count"": 50, ""offloaded_logical_bytes"": 20283648000, ""offloaded_storage_bytes"": 20283648000, ""pack_count"": 200, ""unpack_count"": 0}"
2026-08-19 15:19:05.164,block_49_post,4,49,post,7032849408,18998099968,7032849408,0,22427336704,42298834944,67737600,0,0,"{""all"": 69047622144, ""frozen"": 66280430080, ""lora_fake"": 1383596032, ""lora_student"": 1383596032}","{""cpu_copy_count"": 50, ""offloaded_logical_bytes"": 20283648000, ""offloaded_storage_bytes"": 20283648000, ""pack_count"": 200, ""unpack_count"": 0}"
2026-08-19 15:19:06.136,block_0_pre,5,0,pre,8311484928,19019071488,8311484928,0,22406365184,42298834944,87091200,0,0,"{""all"": 69047622144, ""frozen"": 66280430080, ""lora_fake"": 1383596032, ""lora_student"": 1383596032}","{""cpu_copy_count"": 50, ""offloaded_logical_bytes"": 20283648000, ""offloaded_storage_bytes"": 20283648000, ""pack_count"": 200, ""unpack_count"": 0}"
2026-08-19 15:19:06.172,block_0_post,5,0,post,7893216768,19417530368,7893216768,0,22007906304,42298834944,87091200,0,0,"{""all"": 69047622144, ""frozen"": 66280430080, ""lora_fake"": 1383596032, ""lora_student"": 1383596032}","{""cpu_copy_count"": 50, ""offloaded_logical_bytes"": 20283648000, ""offloaded_storage_bytes"": 20283648000, ""pack_count"": 200, ""unpack_count"": 0}"
2026-08-19 15:19:06.185,block_1_pre,5,1,pre,8311484928,19417530368,8311484928,0,22007906304,42298834944,87091200,0,0,"{""all"": 69047622144, ""frozen"": 66280430080, ""lora_fake"": 1383596032, ""lora_student"": 1383596032}","{""cpu_copy_count"": 50, ""offloaded_logical_bytes"": 20283648000, ""offloaded_storage_bytes"": 20283648000, ""pack_count"": 200, ""unpack_count"": 0}"
2026-08-19 15:19:06.207,block_1_post,5,1,post,7893216768,19836960768,7893216768,0,21588475904,42298834944,87091200,0,0,"{""all"": 69047622144, ""frozen"": 66280430080, ""lora_fake"": 1383596032, ""lora_student"": 1383596032}","{""cpu_copy_count"": 50, ""offloaded_logical_bytes"": 20283648000, ""offloaded_storage_bytes"": 20283648000, ""pack_count"": 200, ""unpack_count"": 0}"
2026-08-19 15:19:06.229,block_2_pre,5,2,pre,8311484928,19836960768,8311484928,0,21588475904,42298834944,87091200,0,0,"{""all"": 69047622144, ""frozen"": 66280430080, ""lora_fake"": 1383596032, ""lora_student"": 1383596032}","{""cpu_copy_count"": 50, ""offloaded_logical_bytes"": 20283648000, ""offloaded_storage_bytes"": 20283648000, ""pack_count"": 200, ""unpack_count"": 0}"
2026-08-19 15:19:06.247,block_2_post,5,2,post,7893216768,19962789888,7893216768,0,21462646784,42298834944,87091200,0,0,"{""all"": 69047622144, ""frozen"": 66280430080, ""lora_fake"": 1383596032, ""lora_student"": 1383596032}","{""cpu_copy_count"": 50, ""offloaded_logical_bytes"": 20283648000, ""offloaded_storage_bytes"": 20283648000, ""pack_count"": 200, ""unpack_count"": 0}"
2026-08-19 15:19:06.260,block_3_pre,5,3,pre,8311484928,19962789888,8311484928,0,21462646784,42298834944,87091200,0,0,"{""all"": 69047622144, ""frozen"": 66280430080, ""lora_fake"": 1383596032, ""lora_student"": 1383596032}","{""cpu_copy_count"": 50, ""offloaded_logical_bytes"": 20283648000, ""offloaded_storage_bytes"": 20283648000, ""pack_count"": 200, ""unpack_count"": 0}"
2026-08-19 15:19:06.273,block_3_post,5,3,post,7893216768,19962789888,7893216768,0,21462646784,42298834944,87091200,0,0,"{""all"": 69047622144, ""frozen"": 66280430080, ""lora_fake"": 1383596032, ""lora_student"": 1383596032}","{""cpu_copy_count"": 50, ""offloaded_logical_bytes"": 20283648000, ""offloaded_storage_bytes"": 20283648000, ""pack_count"": 200, ""unpack_count"": 0}"
2026-08-19 15:19:06.285,block_4_pre,5,4,pre,8311484928,19962789888,8311484928,0,21462646784,42298834944,87091200,0,0,"{""all"": 69047622144, ""frozen"": 66280430080, ""lora_fake"": 1383596032, ""lora_student"": 1383596032}","{""cpu_copy_count"": 50, ""offloaded_logical_bytes"": 20283648000, ""offloaded_storage_bytes"": 20283648000, ""pack_count"": 200, ""unpack_count"": 0}"
2026-08-19 15:19:06.298,block_4_post,5,4,post,7893216768,19962789888,7893216768,0,21462646784,42298834944,87091200,0,0,"{""all"": 69047622144, ""frozen"": 66280430080, ""lora_fake"": 1383596032, ""lora_student"": 1383596032}","{""cpu_copy_count"": 50, ""offloaded_logical_bytes"": 20283648000, ""offloaded_storage_bytes"": 20283648000, ""pack_count"": 200, ""unpack_count"": 0}"
2026-08-19 15:19:06.310,block_5_pre,5,5,pre,8311484928,19962789888,8311484928,0,21462646784,42298834944,87091200,0,0,"{""all"": 69047622144, ""frozen"": 66280430080, ""lora_fake"": 1383596032, ""lora_student"": 1383596032}","{""cpu_copy_count"": 50, ""offloaded_logical_bytes"": 20283648000, ""offloaded_storage_bytes"": 20283648000, ""pack_count"": 200, ""unpack_count"": 0}"
2026-08-19 15:19:06.323,block_5_post,5,5,post,7893216768,19962789888,7893216768,0,21462646784,42298834944,87091200,0,0,"{""all"": 69047622144, ""frozen"": 66280430080, ""lora_fake"": 1383596032, ""lora_student"": 1383596032}","{""cpu_copy_count"": 50, ""offloaded_logical_bytes"": 20283648000, ""offloaded_storage_bytes"": 20283648000, ""pack_count"": 200, ""unpack_count"": 0}"
2026-08-19 15:19:06.335,block_6_pre,5,6,pre,8311484928,19962789888,8311484928,0,21462646784,42298834944,87091200,0,0,"{""all"": 69047622144, ""frozen"": 66280430080, ""lora_fake"": 1383596032, ""lora_student"": 1383596032}","{""cpu_copy_count"": 50, ""offloaded_logical_bytes"": 20283648000, ""offloaded_storage_bytes"": 20283648000, ""pack_count"": 200, ""unpack_count"": 0}"
2026-08-19 15:19:06.348,block_6_post,5,6,post,7893216768,19962789888,7893216768,0,21462646784,42298834944,87091200,0,0,"{""all"": 69047622144, ""frozen"": 66280430080, ""lora_fake"": 1383596032, ""lora_student"": 1383596032}","{""cpu_copy_count"": 50, ""offloaded_logical_bytes"": 20283648000, ""offloaded_storage_bytes"": 20283648000, ""pack_count"": 200, ""unpack_count"": 0}"
2026-08-19 15:19:06.360,block_7_pre,5,7,pre,8311484928,19962789888,8311484928,0,21462646784,42298834944,87091200,0,0,"{""all"": 69047622144, ""frozen"": 66280430080, ""lora_fake"": 1383596032, ""lora_student"": 1383596032}","{""cpu_copy_count"": 50, ""offloaded_logical_bytes"": 20283648000, ""offloaded_storage_bytes"": 20283648000, ""pack_count"": 200, ""unpack_count"": 0}"
2026-08-19 15:19:06.374,block_7_post,5,7,post,7893216768,19962789888,7893216768,0,21462646784,42298834944,87091200,0,0,"{""all"": 69047622144, ""frozen"": 66280430080, ""lora_fake"": 1383596032, ""lora_student"": 1383596032}","{""cpu_copy_count"": 50, ""offloaded_logical_bytes"": 20283648000, ""offloaded_storage_bytes"": 20283648000, ""pack_count"": 200, ""unpack_count"": 0}"
2026-08-19 15:19:06.385,block_8_pre,5,8,pre,8311484928,19962789888,8311484928,0,21462646784,42298834944,87091200,0,0,"{""all"": 69047622144, ""frozen"": 66280430080, ""lora_fake"": 1383596032, ""lora_student"": 1383596032}","{""cpu_copy_count"": 50, ""offloaded_logical_bytes"": 20283648000, ""offloaded_storage_bytes"": 20283648000, ""pack_count"": 200, ""unpack_count"": 0}"
2026-08-19 15:19:06.398,block_8_post,5,8,post,7893216768,19962789888,7893216768,0,21462646784,42298834944,87091200,0,0,"{""all"": 69047622144, ""frozen"": 66280430080, ""lora_fake"": 1383596032, ""lora_student"": 1383596032}","{""cpu_copy_count"": 50, ""offloaded_logical_bytes"": 20283648000, ""offloaded_storage_bytes"": 20283648000, ""pack_count"": 200, ""unpack_count"": 0}"
2026-08-19 15:19:06.410,block_9_pre,5,9,pre,8311484928,19962789888,8311484928,0,21462646784,42298834944,87091200,0,0,"{""all"": 69047622144, ""frozen"": 66280430080, ""lora_fake"": 1383596032, ""lora_student"": 1383596032}","{""cpu_copy_count"": 50, ""offloaded_logical_bytes"": 20283648000, ""offloaded_storage_bytes"": 20283648000, ""pack_count"": 200, ""unpack_count"": 0}"
2026-08-19 15:19:06.424,block_9_post,5,9,post,7893216768,19962789888,7893216768,0,21462646784,42298834944,87091200,0,0,"{""all"": 69047622144, ""frozen"": 66280430080, ""lora_fake"": 1383596032, ""lora_student"": 1383596032}","{""cpu_copy_count"": 50, ""offloaded_logical_bytes"": 20283648000, ""offloaded_storage_bytes"": 20283648000, ""pack_count"": 200, ""unpack_count"": 0}"
2026-08-19 15:19:06.436,block_10_pre,5,10,pre,8311484928,19962789888,8311484928,0,21462646784,42298834944,87091200,0,0,"{""all"": 69047622144, ""frozen"": 66280430080, ""lora_fake"": 1383596032, ""lora_student"": 1383596032}","{""cpu_copy_count"": 50, ""offloaded_logical_bytes"": 20283648000, ""offloaded_storage_bytes"": 20283648000, ""pack_count"": 200, ""unpack_count"": 0}"
2026-08-19 15:19:06.448,block_10_post,5,10,post,7893216768,19962789888,7893216768,0,21462646784,42298834944,87091200,0,0,"{""all"": 69047622144, ""frozen"": 66280430080, ""lora_fake"": 1383596032, ""lora_student"": 1383596032}","{""cpu_copy_count"": 50, ""offloaded_logical_bytes"": 20283648000, ""offloaded_storage_bytes"": 20283648000, ""pack_count"": 200, ""unpack_count"": 0}"
2026-08-19 15:19:06.460,block_11_pre,5,11,pre,8311484928,19962789888,8311484928,0,21462646784,42298834944,87091200,0,0,"{""all"": 69047622144, ""frozen"": 66280430080, ""lora_fake"": 1383596032, ""lora_student"": 1383596032}","{""cpu_copy_count"": 50, ""offloaded_logical_bytes"": 20283648000, ""offloaded_storage_bytes"": 20283648000, ""pack_count"": 200, ""unpack_count"": 0}"
2026-08-19 15:19:06.473,block_11_post,5,11,post,7893216768,19962789888,7893216768,0,21462646784,42298834944,87091200,0,0,"{""all"": 69047622144, ""frozen"": 66280430080, ""lora_fake"": 1383596032, ""lora_student"": 1383596032}","{""cpu_copy_count"": 50, ""offloaded_logical_bytes"": 20283648000, ""offloaded_storage_bytes"": 20283648000, ""pack_count"": 200, ""unpack_count"": 0}"
2026-08-19 15:19:06.495,block_12_pre,5,12,pre,8311484928,19962789888,8311484928,0,21462646784,42298834944,87091200,0,0,"{""all"": 69047622144, ""frozen"": 66280430080, ""lora_fake"": 1383596032, ""lora_student"": 1383596032}","{""cpu_copy_count"": 50, ""offloaded_logical_bytes"": 20283648000, ""offloaded_storage_bytes"": 20283648000, ""pack_count"": 200, ""unpack_count"": 0}"
2026-08-19 15:19:06.517,block_12_post,5,12,post,7893216768,19962789888,7893216768,0,21462646784,42298834944,87091200,0,0,"{""all"": 69047622144, ""frozen"": 66280430080, ""lora_fake"": 1383596032, ""lora_student"": 1383596032}","{""cpu_copy_count"": 50, ""offloaded_logical_bytes"": 20283648000, ""offloaded_storage_bytes"": 20283648000, ""pack_count"": 200, ""unpack_count"": 0}"
2026-08-19 15:19:06.531,block_13_pre,5,13,pre,8311484928,19962789888,8311484928,0,21462646784,42298834944,87091200,0,0,"{""all"": 69047622144, ""frozen"": 66280430080, ""lora_fake"": 1383596032, ""lora_student"": 1383596032}","{""cpu_copy_count"": 50, ""offloaded_logical_bytes"": 20283648000, ""offloaded_storage_bytes"": 20283648000, ""pack_count"": 200, ""unpack_count"": 0}"
2026-08-19 15:19:06.544,block_13_post,5,13,post,7893216768,19962789888,7893216768,0,21462646784,42298834944,87091200,0,0,"{""all"": 69047622144, ""frozen"": 66280430080, ""lora_fake"": 1383596032, ""lora_student"": 1383596032}","{""cpu_copy_count"": 50, ""offloaded_logical_bytes"": 20283648000, ""offloaded_storage_bytes"": 20283648000, ""pack_count"": 200, ""unpack_count"": 0}"
2026-08-19 15:19:06.557,block_14_pre,5,14,pre,8311484928,19962789888,8311484928,0,21462646784,42298834944,87091200,0,0,"{""all"": 69047622144, ""frozen"": 66280430080, ""lora_fake"": 1383596032, ""lora_student"": 1383596032}","{""cpu_copy_count"": 50, ""offloaded_logical_bytes"": 20283648000, ""offloaded_storage_bytes"": 20283648000, ""pack_count"": 200, ""unpack_count"": 0}"
2026-08-19 15:19:06.570,block_14_post,5,14,post,7893216768,19962789888,7893216768,0,21462646784,42298834944,87091200,0,0,"{""all"": 69047622144, ""frozen"": 66280430080, ""lora_fake"": 1383596032, ""lora_student"": 1383596032}","{""cpu_copy_count"": 50, ""offloaded_logical_bytes"": 20283648000, ""offloaded_storage_bytes"": 20283648000, ""pack_count"": 200, ""unpack_count"": 0}"
2026-08-19 15:19:06.582,block_15_pre,5,15,pre,8311484928,19962789888,8311484928,0,21462646784,42298834944,87091200,0,0,"{""all"": 69047622144, ""frozen"": 66280430080, ""lora_fake"": 1383596032, ""lora_student"": 1383596032}","{""cpu_copy_count"": 50, ""offloaded_logical_bytes"": 20283648000, ""offloaded_storage_bytes"": 20283648000, ""pack_count"": 200, ""unpack_count"": 0}"
2026-08-19 15:19:06.909,block_15_post,5,15,post,7893216768,19962789888,7893216768,0,21462646784,42298834944,87091200,0,0,"{""all"": 69047622144, ""frozen"": 66280430080, ""lora_fake"": 1383596032, ""lora_student"": 1383596032}","{""cpu_copy_count"": 50, ""offloaded_logical_bytes"": 20283648000, ""offloaded_storage_bytes"": 20283648000, ""pack_count"": 200, ""unpack_count"": 0}"
2026-08-19 15:19:06.921,block_16_pre,5,16,pre,8311484928,19962789888,8311484928,0,21462646784,42298834944,87091200,0,0,"{""all"": 69047622144, ""frozen"": 66280430080, ""lora_fake"": 1383596032, ""lora_student"": 1383596032}","{""cpu_copy_count"": 50, ""offloaded_logical_bytes"": 20283648000, ""offloaded_storage_bytes"": 20283648000, ""pack_count"": 200, ""unpack_count"": 0}"
2026-08-19 15:19:07.257,block_16_post,5,16,post,7893216768,19962789888,7893216768,0,21462646784,42298834944,87091200,0,0,"{""all"": 69047622144, ""frozen"": 66280430080, ""lora_fake"": 1383596032, ""lora_student"": 1383596032}","{""cpu_copy_count"": 50, ""offloaded_logical_bytes"": 20283648000, ""offloaded_storage_bytes"": 20283648000, ""pack_count"": 200, ""unpack_count"": 0}"
2026-08-19 15:19:07.268,block_17_pre,5,17,pre,8311484928,19962789888,8311484928,0,21462646784,42298834944,87091200,0,0,"{""all"": 69047622144, ""frozen"": 66280430080, ""lora_fake"": 1383596032, ""lora_student"": 1383596032}","{""cpu_copy_count"": 50, ""offloaded_logical_bytes"": 20283648000, ""offloaded_storage_bytes"": 20283648000, ""pack_count"": 200, ""unpack_count"": 0}"
2026-08-19 15:19:07.609,block_17_post,5,17,post,7893216768,19962789888,7893216768,0,21462646784,42298834944,87091200,0,0,"{""all"": 69047622144, ""frozen"": 66280430080, ""lora_fake"": 1383596032, ""lora_student"": 1383596032}","{""cpu_copy_count"": 50, ""offloaded_logical_bytes"": 20283648000, ""offloaded_storage_bytes"": 20283648000, ""pack_count"": 200, ""unpack_count"": 0}"
2026-08-19 15:19:07.620,block_18_pre,5,18,pre,8311484928,19962789888,8311484928,0,21462646784,42298834944,87091200,0,0,"{""all"": 69047622144, ""frozen"": 66280430080, ""lora_fake"": 1383596032, ""lora_student"": 1383596032}","{""cpu_copy_count"": 50, ""offloaded_logical_bytes"": 20283648000, ""offloaded_storage_bytes"": 20283648000, ""pack_count"": 200, ""unpack_count"": 0}"
2026-08-19 15:19:07.961,block_18_post,5,18,post,7893216768,19962789888,7893216768,0,21462646784,42298834944,87091200,0,0,"{""all"": 69047622144, ""frozen"": 66280430080, ""lora_fake"": 1383596032, ""lora_student"": 1383596032}","{""cpu_copy_count"": 50, ""offloaded_logical_bytes"": 20283648000, ""offloaded_storage_bytes"": 20283648000, ""pack_count"": 200, ""unpack_count"": 0}"
2026-08-19 15:19:07.973,block_19_pre,5,19,pre,8311484928,19962789888,8311484928,0,21462646784,42298834944,87091200,0,0,"{""all"": 69047622144, ""frozen"": 66280430080, ""lora_fake"": 1383596032, ""lora_student"": 1383596032}","{""cpu_copy_count"": 50, ""offloaded_logical_bytes"": 20283648000, ""offloaded_storage_bytes"": 20283648000, ""pack_count"": 200, ""unpack_count"": 0}"
2026-08-19 15:19:08.318,block_19_post,5,19,post,7893216768,19962789888,7893216768,0,21462646784,42298834944,87091200,0,0,"{""all"": 69047622144, ""frozen"": 66280430080, ""lora_fake"": 1383596032, ""lora_student"": 1383596032}","{""cpu_copy_count"": 50, ""offloaded_logical_bytes"": 20283648000, ""offloaded_storage_bytes"": 20283648000, ""pack_count"": 200, ""unpack_count"": 0}"
2026-08-19 15:19:08.330,block_20_pre,5,20,pre,8311484928,19962789888,8311484928,0,21462646784,42298834944,87091200,0,0,"{""all"": 69047622144, ""frozen"": 66280430080, ""lora_fake"": 1383596032, ""lora_student"": 1383596032}","{""cpu_copy_count"": 50, ""offloaded_logical_bytes"": 20283648000, ""offloaded_storage_bytes"": 20283648000, ""pack_count"": 200, ""unpack_count"": 0}"
2026-08-19 15:19:08.671,block_20_post,5,20,post,7893216768,19962789888,7893216768,0,21462646784,42298834944,87091200,0,0,"{""all"": 69047622144, ""frozen"": 66280430080, ""lora_fake"": 1383596032, ""lora_student"": 1383596032}","{""cpu_copy_count"": 50, ""offloaded_logical_bytes"": 20283648000, ""offloaded_storage_bytes"": 20283648000, ""pack_count"": 200, ""unpack_count"": 0}"
2026-08-19 15:19:08.683,block_21_pre,5,21,pre,8311484928,19962789888,8311484928,0,21462646784,42298834944,87091200,0,0,"{""all"": 69047622144, ""frozen"": 66280430080, ""lora_fake"": 1383596032, ""lora_student"": 1383596032}","{""cpu_copy_count"": 50, ""offloaded_logical_bytes"": 20283648000, ""offloaded_storage_bytes"": 20283648000, ""pack_count"": 200, ""unpack_count"": 0}"
2026-08-19 15:19:09.026,block_21_post,5,21,post,7893216768,19962789888,7893216768,0,21462646784,42298834944,87091200,0,0,"{""all"": 69047622144, ""frozen"": 66280430080, ""lora_fake"": 1383596032, ""lora_student"": 1383596032}","{""cpu_copy_count"": 50, ""offloaded_logical_bytes"": 20283648000, ""offloaded_storage_bytes"": 20283648000, ""pack_count"": 200, ""unpack_count"": 0}"
2026-08-19 15:19:09.038,block_22_pre,5,22,pre,8311484928,19962789888,8311484928,0,21462646784,42298834944,87091200,0,0,"{""all"": 69047622144, ""frozen"": 66280430080, ""lora_fake"": 1383596032, ""lora_student"": 1383596032}","{""cpu_copy_count"": 50, ""offloaded_logical_bytes"": 20283648000, ""offloaded_storage_bytes"": 20283648000, ""pack_count"": 200, ""unpack_count"": 0}"
2026-08-19 15:19:09.390,block_22_post,5,22,post,7893216768,19962789888,7893216768,0,21462646784,42298834944,87091200,0,0,"{""all"": 69047622144, ""frozen"": 66280430080, ""lora_fake"": 1383596032, ""lora_student"": 1383596032}","{""cpu_copy_count"": 50, ""offloaded_logical_bytes"": 20283648000, ""offloaded_storage_bytes"": 20283648000, ""pack_count"": 200, ""unpack_count"": 0}"
2026-08-19 15:19:09.402,block_23_pre,5,23,pre,8311484928,19962789888,8311484928,0,21462646784,42298834944,87091200,0,0,"{""all"": 69047622144, ""frozen"": 66280430080, ""lora_fake"": 1383596032, ""lora_student"": 1383596032}","{""cpu_copy_count"": 50, ""offloaded_logical_bytes"": 20283648000, ""offloaded_storage_bytes"": 20283648000, ""pack_count"": 200, ""unpack_count"": 0}"
2026-08-19 15:19:09.741,block_23_post,5,23,post,7893216768,19962789888,7893216768,0,21462646784,42298834944,87091200,0,0,"{""all"": 69047622144, ""frozen"": 66280430080, ""lora_fake"": 1383596032, ""lora_student"": 1383596032}","{""cpu_copy_count"": 50, ""offloaded_logical_bytes"": 20283648000, ""offloaded_storage_bytes"": 20283648000, ""pack_count"": 200, ""unpack_count"": 0}"
2026-08-19 15:19:09.753,block_24_pre,5,24,pre,8311484928,19962789888,8311484928,0,21462646784,42298834944,87091200,0,0,"{""all"": 69047622144, ""frozen"": 66280430080, ""lora_fake"": 1383596032, ""lora_student"": 1383596032}","{""cpu_copy_count"": 50, ""offloaded_logical_bytes"": 20283648000, ""offloaded_storage_bytes"": 20283648000, ""pack_count"": 200, ""unpack_count"": 0}"
2026-08-19 15:19:10.097,block_24_post,5,24,post,7893216768,19962789888,7893216768,0,21462646784,42298834944,87091200,0,0,"{""all"": 69047622144, ""frozen"": 66280430080, ""lora_fake"": 1383596032, ""lora_student"": 1383596032}","{""cpu_copy_count"": 50, ""offloaded_logical_bytes"": 20283648000, ""offloaded_storage_bytes"": 20283648000, ""pack_count"": 200, ""unpack_count"": 0}"
2026-08-19 15:19:10.109,block_25_pre,5,25,pre,8311484928,19962789888,8311484928,0,21462646784,42298834944,87091200,0,0,"{""all"": 69047622144, ""frozen"": 66280430080, ""lora_fake"": 1383596032, ""lora_student"": 1383596032}","{""cpu_copy_count"": 50, ""offloaded_logical_bytes"": 20283648000, ""offloaded_storage_bytes"": 20283648000, ""pack_count"": 200, ""unpack_count"": 0}"
2026-08-19 15:19:10.450,block_25_post,5,25,post,7893216768,19962789888,7893216768,0,21462646784,42298834944,87091200,0,0,"{""all"": 69047622144, ""frozen"": 66280430080, ""lora_fake"": 1383596032, ""lora_student"": 1383596032}","{""cpu_copy_count"": 50, ""offloaded_logical_bytes"": 20283648000, ""offloaded_storage_bytes"": 20283648000, ""pack_count"": 200, ""unpack_count"": 0}"
2026-08-19 15:19:10.462,block_26_pre,5,26,pre,8311484928,19962789888,8311484928,0,21462646784,42298834944,87091200,0,0,"{""all"": 69047622144, ""frozen"": 66280430080, ""lora_fake"": 1383596032, ""lora_student"": 1383596032}","{""cpu_copy_count"": 50, ""offloaded_logical_bytes"": 20283648000, ""offloaded_storage_bytes"": 20283648000, ""pack_count"": 200, ""unpack_count"": 0}"
2026-08-19 15:19:10.807,block_26_post,5,26,post,7893216768,19962789888,7893216768,0,21462646784,42298834944,87091200,0,0,"{""all"": 69047622144, ""frozen"": 66280430080, ""lora_fake"": 1383596032, ""lora_student"": 1383596032}","{""cpu_copy_count"": 50, ""offloaded_logical_bytes"": 20283648000, ""offloaded_storage_bytes"": 20283648000, ""pack_count"": 200, ""unpack_count"": 0}"
2026-08-19 15:19:10.819,block_27_pre,5,27,pre,8311484928,19962789888,8311484928,0,21462646784,42298834944,87091200,0,0,"{""all"": 69047622144, ""frozen"": 66280430080, ""lora_fake"": 1383596032, ""lora_student"": 1383596032}","{""cpu_copy_count"": 50, ""offloaded_logical_bytes"": 20283648000, ""offloaded_storage_bytes"": 20283648000, ""pack_count"": 200, ""unpack_count"": 0}"
2026-08-19 15:19:11.162,block_27_post,5,27,post,7893216768,19962789888,7893216768,0,21462646784,42298834944,87091200,0,0,"{""all"": 69047622144, ""frozen"": 66280430080, ""lora_fake"": 1383596032, ""lora_student"": 1383596032}","{""cpu_copy_count"": 50, ""offloaded_logical_bytes"": 20283648000, ""offloaded_storage_bytes"": 20283648000, ""pack_count"": 200, ""unpack_count"": 0}"
2026-08-19 15:19:11.174,block_28_pre,5,28,pre,8311484928,19962789888,8311484928,0,21462646784,42298834944,87091200,0,0,"{""all"": 69047622144, ""frozen"": 66280430080, ""lora_fake"": 1383596032, ""lora_student"": 1383596032}","{""cpu_copy_count"": 50, ""offloaded_logical_bytes"": 20283648000, ""offloaded_storage_bytes"": 20283648000, ""pack_count"": 200, ""unpack_count"": 0}"
2026-08-19 15:19:11.521,block_28_post,5,28,post,7893216768,19962789888,7893216768,0,21462646784,42298834944,87091200,0,0,"{""all"": 69047622144, ""frozen"": 66280430080, ""lora_fake"": 1383596032, ""lora_student"": 1383596032}","{""cpu_copy_count"": 50, ""offloaded_logical_bytes"": 20283648000, ""offloaded_storage_bytes"": 20283648000, ""pack_count"": 200, ""unpack_count"": 0}"
2026-08-19 15:19:11.533,block_29_pre,5,29,pre,8311484928,19962789888,8311484928,0,21462646784,42298834944,87091200,0,0,"{""all"": 69047622144, ""frozen"": 66280430080, ""lora_fake"": 1383596032, ""lora_student"": 1383596032}","{""cpu_copy_count"": 50, ""offloaded_logical_bytes"": 20283648000, ""offloaded_storage_bytes"": 20283648000, ""pack_count"": 200, ""unpack_count"": 0}"
2026-08-19 15:19:11.883,block_29_post,5,29,post,7893216768,19962789888,7893216768,0,21462646784,42298834944,87091200,0,0,"{""all"": 69047622144, ""frozen"": 66280430080, ""lora_fake"": 1383596032, ""lora_student"": 1383596032}","{""cpu_copy_count"": 50, ""offloaded_logical_bytes"": 20283648000, ""offloaded_storage_bytes"": 20283648000, ""pack_count"": 200, ""unpack_count"": 0}"
2026-08-19 15:19:11.895,block_30_pre,5,30,pre,8311484928,19962789888,8311484928,0,21462646784,42298834944,87091200,0,0,"{""all"": 69047622144, ""frozen"": 66280430080, ""lora_fake"": 1383596032, ""lora_student"": 1383596032}","{""cpu_copy_count"": 50, ""offloaded_logical_bytes"": 20283648000, ""offloaded_storage_bytes"": 20283648000, ""pack_count"": 200, ""unpack_count"": 0}"
2026-08-19 15:19:12.235,block_30_post,5,30,post,7893216768,19962789888,7893216768,0,21462646784,42298834944,87091200,0,0,"{""all"": 69047622144, ""frozen"": 66280430080, ""lora_fake"": 1383596032, ""lora_student"": 1383596032}","{""cpu_copy_count"": 50, ""offloaded_logical_bytes"": 20283648000, ""offloaded_storage_bytes"": 20283648000, ""pack_count"": 200, ""unpack_count"": 0}"
2026-08-19 15:19:12.247,block_31_pre,5,31,pre,8311484928,19962789888,8311484928,0,21462646784,42298834944,87091200,0,0,"{""all"": 69047622144, ""frozen"": 66280430080, ""lora_fake"": 1383596032, ""lora_student"": 1383596032}","{""cpu_copy_count"": 50, ""offloaded_logical_bytes"": 20283648000, ""offloaded_storage_bytes"": 20283648000, ""pack_count"": 200, ""unpack_count"": 0}"
2026-08-19 15:19:12.592,block_31_post,5,31,post,7893216768,19962789888,7893216768,0,21462646784,42298834944,87091200,0,0,"{""all"": 69047622144, ""frozen"": 66280430080, ""lora_fake"": 1383596032, ""lora_student"": 1383596032}","{""cpu_copy_count"": 50, ""offloaded_logical_bytes"": 20283648000, ""offloaded_storage_bytes"": 20283648000, ""pack_count"": 200, ""unpack_count"": 0}"
2026-08-19 15:19:12.603,block_32_pre,5,32,pre,8311484928,19962789888,8311484928,0,21462646784,42298834944,87091200,0,0,"{""all"": 69047622144, ""frozen"": 66280430080, ""lora_fake"": 1383596032, ""lora_student"": 1383596032}","{""cpu_copy_count"": 50, ""offloaded_logical_bytes"": 20283648000, ""offloaded_storage_bytes"": 20283648000, ""pack_count"": 200, ""unpack_count"": 0}"
2026-08-19 15:19:12.950,block_32_post,5,32,post,7893216768,19962789888,7893216768,0,21462646784,42298834944,87091200,0,0,"{""all"": 69047622144, ""frozen"": 66280430080, ""lora_fake"": 1383596032, ""lora_student"": 1383596032}","{""cpu_copy_count"": 50, ""offloaded_logical_bytes"": 20283648000, ""offloaded_storage_bytes"": 20283648000, ""pack_count"": 200, ""unpack_count"": 0}"
2026-08-19 15:19:12.962,block_33_pre,5,33,pre,8311484928,19962789888,8311484928,0,21462646784,42298834944,87091200,0,0,"{""all"": 69047622144, ""frozen"": 66280430080, ""lora_fake"": 1383596032, ""lora_student"": 1383596032}","{""cpu_copy_count"": 50, ""offloaded_logical_bytes"": 20283648000, ""offloaded_storage_bytes"": 20283648000, ""pack_count"": 200, ""unpack_count"": 0}"
2026-08-19 15:19:13.308,block_33_post,5,33,post,7893216768,19962789888,7893216768,0,21462646784,42298834944,87091200,0,0,"{""all"": 69047622144, ""frozen"": 66280430080, ""lora_fake"": 1383596032, ""lora_student"": 1383596032}","{""cpu_copy_count"": 50, ""offloaded_logical_bytes"": 20283648000, ""offloaded_storage_bytes"": 20283648000, ""pack_count"": 200, ""unpack_count"": 0}"
2026-08-19 15:19:13.320,block_34_pre,5,34,pre,8311484928,19962789888,8311484928,0,21462646784,42298834944,87091200,0,0,"{""all"": 69047622144, ""frozen"": 66280430080, ""lora_fake"": 1383596032, ""lora_student"": 1383596032}","{""cpu_copy_count"": 50, ""offloaded_logical_bytes"": 20283648000, ""offloaded_storage_bytes"": 20283648000, ""pack_count"": 200, ""unpack_count"": 0}"
2026-08-19 15:19:13.669,block_34_post,5,34,post,7893216768,19962789888,7893216768,0,21462646784,42298834944,87091200,0,0,"{""all"": 69047622144, ""frozen"": 66280430080, ""lora_fake"": 1383596032, ""lora_student"": 1383596032}","{""cpu_copy_count"": 50, ""offloaded_logical_bytes"": 20283648000, ""offloaded_storage_bytes"": 20283648000, ""pack_count"": 200, ""unpack_count"": 0}"
2026-08-19 15:19:13.684,block_35_pre,5,35,pre,8311484928,19962789888,8311484928,0,21462646784,42298834944,87091200,0,0,"{""all"": 69047622144, ""frozen"": 66280430080, ""lora_fake"": 1383596032, ""lora_student"": 1383596032}","{""cpu_copy_count"": 50, ""offloaded_logical_bytes"": 20283648000, ""offloaded_storage_bytes"": 20283648000, ""pack_count"": 200, ""unpack_count"": 0}"
2026-08-19 15:19:14.025,block_35_post,5,35,post,7893216768,19962789888,7893216768,0,21462646784,42298834944,87091200,0,0,"{""all"": 69047622144, ""frozen"": 66280430080, ""lora_fake"": 1383596032, ""lora_student"": 1383596032}","{""cpu_copy_count"": 50, ""offloaded_logical_bytes"": 20283648000, ""offloaded_storage_bytes"": 20283648000, ""pack_count"": 200, ""unpack_count"": 0}"
2026-08-19 15:19:14.038,block_36_pre,5,36,pre,8311484928,19962789888,8311484928,0,21462646784,42298834944,87091200,0,0,"{""all"": 69047622144, ""frozen"": 66280430080, ""lora_fake"": 1383596032, ""lora_student"": 1383596032}","{""cpu_copy_count"": 50, ""offloaded_logical_bytes"": 20283648000, ""offloaded_storage_bytes"": 20283648000, ""pack_count"": 200, ""unpack_count"": 0}"
2026-08-19 15:19:14.385,block_36_post,5,36,post,7893216768,19962789888,7893216768,0,21462646784,42298834944,87091200,0,0,"{""all"": 69047622144, ""frozen"": 66280430080, ""lora_fake"": 1383596032, ""lora_student"": 1383596032}","{""cpu_copy_count"": 50, ""offloaded_logical_bytes"": 20283648000, ""offloaded_storage_bytes"": 20283648000, ""pack_count"": 200, ""unpack_count"": 0}"
2026-08-19 15:19:14.399,block_37_pre,5,37,pre,8311484928,19962789888,8311484928,0,21462646784,42298834944,87091200,0,0,"{""all"": 69047622144, ""frozen"": 66280430080, ""lora_fake"": 1383596032, ""lora_student"": 1383596032}","{""cpu_copy_count"": 50, ""offloaded_logical_bytes"": 20283648000, ""offloaded_storage_bytes"": 20283648000, ""pack_count"": 200, ""unpack_count"": 0}"
2026-08-19 15:19:14.741,block_37_post,5,37,post,7893216768,19962789888,7893216768,0,21462646784,42298834944,87091200,0,0,"{""all"": 69047622144, ""frozen"": 66280430080, ""lora_fake"": 1383596032, ""lora_student"": 1383596032}","{""cpu_copy_count"": 50, ""offloaded_logical_bytes"": 20283648000, ""offloaded_storage_bytes"": 20283648000, ""pack_count"": 200, ""unpack_count"": 0}"
2026-08-19 15:19:14.755,block_38_pre,5,38,pre,8311484928,19962789888,8311484928,0,21462646784,42298834944,87091200,0,0,"{""all"": 69047622144, ""frozen"": 66280430080, ""lora_fake"": 1383596032, ""lora_student"": 1383596032}","{""cpu_copy_count"": 50, ""offloaded_logical_bytes"": 20283648000, ""offloaded_storage_bytes"": 20283648000, ""pack_count"": 200, ""unpack_count"": 0}"
2026-08-19 15:19:15.099,block_38_post,5,38,post,7893216768,19962789888,7893216768,0,21462646784,42298834944,87091200,0,0,"{""all"": 69047622144, ""frozen"": 66280430080, ""lora_fake"": 1383596032, ""lora_student"": 1383596032}","{""cpu_copy_count"": 50, ""offloaded_logical_bytes"": 20283648000, ""offloaded_storage_bytes"": 20283648000, ""pack_count"": 200, ""unpack_count"": 0}"
2026-08-19 15:19:15.114,block_39_pre,5,39,pre,8311484928,19962789888,8311484928,0,21462646784,42298834944,87091200,0,0,"{""all"": 69047622144, ""frozen"": 66280430080, ""lora_fake"": 1383596032, ""lora_student"": 1383596032}","{""cpu_copy_count"": 50, ""offloaded_logical_bytes"": 20283648000, ""offloaded_storage_bytes"": 20283648000, ""pack_count"": 200, ""unpack_count"": 0}"
2026-08-19 15:19:15.457,block_39_post,5,39,post,7893216768,19962789888,7893216768,0,21462646784,42298834944,87091200,0,0,"{""all"": 69047622144, ""frozen"": 66280430080, ""lora_fake"": 1383596032, ""lora_student"": 1383596032}","{""cpu_copy_count"": 50, ""offloaded_logical_bytes"": 20283648000, ""offloaded_storage_bytes"": 20283648000, ""pack_count"": 200, ""unpack_count"": 0}"
2026-08-19 15:19:15.472,block_40_pre,5,40,pre,8311484928,19962789888,8311484928,0,21462646784,42298834944,87091200,0,0,"{""all"": 69047622144, ""frozen"": 66280430080, ""lora_fake"": 1383596032, ""lora_student"": 1383596032}","{""cpu_copy_count"": 50, ""offloaded_logical_bytes"": 20283648000, ""offloaded_storage_bytes"": 20283648000, ""pack_count"": 200, ""unpack_count"": 0}"
2026-08-19 15:19:15.818,block_40_post,5,40,post,7893216768,19962789888,7893216768,0,21462646784,42298834944,87091200,0,0,"{""all"": 69047622144, ""frozen"": 66280430080, ""lora_fake"": 1383596032, ""lora_student"": 1383596032}","{""cpu_copy_count"": 50, ""offloaded_logical_bytes"": 20283648000, ""offloaded_storage_bytes"": 20283648000, ""pack_count"": 200, ""unpack_count"": 0}"
2026-08-19 15:19:15.834,block_41_pre,5,41,pre,8311484928,19962789888,8311484928,0,21462646784,42298834944,87091200,0,0,"{""all"": 69047622144, ""frozen"": 66280430080, ""lora_fake"": 1383596032, ""lora_student"": 1383596032}","{""cpu_copy_count"": 50, ""offloaded_logical_bytes"": 20283648000, ""offloaded_storage_bytes"": 20283648000, ""pack_count"": 200, ""unpack_count"": 0}"
2026-08-19 15:19:16.174,block_41_post,5,41,post,7893216768,19962789888,7893216768,0,21462646784,42298834944,87091200,0,0,"{""all"": 69047622144, ""frozen"": 66280430080, ""lora_fake"": 1383596032, ""lora_student"": 1383596032}","{""cpu_copy_count"": 50, ""offloaded_logical_bytes"": 20283648000, ""offloaded_storage_bytes"": 20283648000, ""pack_count"": 200, ""unpack_count"": 0}"
2026-08-19 15:19:16.187,block_42_pre,5,42,pre,8311484928,19962789888,8311484928,0,21462646784,42298834944,87091200,0,0,"{""all"": 69047622144, ""frozen"": 66280430080, ""lora_fake"": 1383596032, ""lora_student"": 1383596032}","{""cpu_copy_count"": 50, ""offloaded_logical_bytes"": 20283648000, ""offloaded_storage_bytes"": 20283648000, ""pack_count"": 200, ""unpack_count"": 0}"
2026-08-19 15:19:16.531,block_42_post,5,42,post,7893216768,19962789888,7893216768,0,21462646784,42298834944,87091200,0,0,"{""all"": 69047622144, ""frozen"": 66280430080, ""lora_fake"": 1383596032, ""lora_student"": 1383596032}","{""cpu_copy_count"": 50, ""offloaded_logical_bytes"": 20283648000, ""offloaded_storage_bytes"": 20283648000, ""pack_count"": 200, ""unpack_count"": 0}"
2026-08-19 15:19:16.543,block_43_pre,5,43,pre,8311484928,19962789888,8311484928,0,21462646784,42298834944,87091200,0,0,"{""all"": 69047622144, ""frozen"": 66280430080, ""lora_fake"": 1383596032, ""lora_student"": 1383596032}","{""cpu_copy_count"": 50, ""offloaded_logical_bytes"": 20283648000, ""offloaded_storage_bytes"": 20283648000, ""pack_count"": 200, ""unpack_count"": 0}"
2026-08-19 15:19:16.889,block_43_post,5,43,post,7893216768,19962789888,7893216768,0,21462646784,42298834944,87091200,0,0,"{""all"": 69047622144, ""frozen"": 66280430080, ""lora_fake"": 1383596032, ""lora_student"": 1383596032}","{""cpu_copy_count"": 50, ""offloaded_logical_bytes"": 20283648000, ""offloaded_storage_bytes"": 20283648000, ""pack_count"": 200, ""unpack_count"": 0}"
2026-08-19 15:19:16.901,block_44_pre,5,44,pre,8311484928,19962789888,8311484928,0,21462646784,42298834944,87091200,0,0,"{""all"": 69047622144, ""frozen"": 66280430080, ""lora_fake"": 1383596032, ""lora_student"": 1383596032}","{""cpu_copy_count"": 50, ""offloaded_logical_bytes"": 20283648000, ""offloaded_storage_bytes"": 20283648000, ""pack_count"": 200, ""unpack_count"": 0}"
2026-08-19 15:19:17.253,block_44_post,5,44,post,7893216768,19962789888,7893216768,0,21462646784,42298834944,87091200,0,0,"{""all"": 69047622144, ""frozen"": 66280430080, ""lora_fake"": 1383596032, ""lora_student"": 1383596032}","{""cpu_copy_count"": 50, ""offloaded_logical_bytes"": 20283648000, ""offloaded_storage_bytes"": 20283648000, ""pack_count"": 200, ""unpack_count"": 0}"
2026-08-19 15:19:17.265,block_45_pre,5,45,pre,8311484928,19962789888,8311484928,0,21462646784,42298834944,87091200,0,0,"{""all"": 69047622144, ""frozen"": 66280430080, ""lora_fake"": 1383596032, ""lora_student"": 1383596032}","{""cpu_copy_count"": 50, ""offloaded_logical_bytes"": 20283648000, ""offloaded_storage_bytes"": 20283648000, ""pack_count"": 200, ""unpack_count"": 0}"
2026-08-19 15:19:17.609,block_45_post,5,45,post,7893216768,19962789888,7893216768,0,21462646784,42298834944,87091200,0,0,"{""all"": 69047622144, ""frozen"": 66280430080, ""lora_fake"": 1383596032, ""lora_student"": 1383596032}","{""cpu_copy_count"": 50, ""offloaded_logical_bytes"": 20283648000, ""offloaded_storage_bytes"": 20283648000, ""pack_count"": 200, ""unpack_count"": 0}"
2026-08-19 15:19:17.621,block_46_pre,5,46,pre,8311484928,19962789888,8311484928,0,21462646784,42298834944,87091200,0,0,"{""all"": 69047622144, ""frozen"": 66280430080, ""lora_fake"": 1383596032, ""lora_student"": 1383596032}","{""cpu_copy_count"": 50, ""offloaded_logical_bytes"": 20283648000, ""offloaded_storage_bytes"": 20283648000, ""pack_count"": 200, ""unpack_count"": 0}"
2026-08-19 15:19:17.969,block_46_post,5,46,post,7893216768,19962789888,7893216768,0,21462646784,42298834944,87091200,0,0,"{""all"": 69047622144, ""frozen"": 66280430080, ""lora_fake"": 1383596032, ""lora_student"": 1383596032}","{""cpu_copy_count"": 50, ""offloaded_logical_bytes"": 20283648000, ""offloaded_storage_bytes"": 20283648000, ""pack_count"": 200, ""unpack_count"": 0}"
2026-08-19 15:19:17.981,block_47_pre,5,47,pre,8311484928,19962789888,8311484928,0,21462646784,42298834944,87091200,0,0,"{""all"": 69047622144, ""frozen"": 66280430080, ""lora_fake"": 1383596032, ""lora_student"": 1383596032}","{""cpu_copy_count"": 50, ""offloaded_logical_bytes"": 20283648000, ""offloaded_storage_bytes"": 20283648000, ""pack_count"": 200, ""unpack_count"": 0}"
2026-08-19 15:19:18.327,block_47_post,5,47,post,7893216768,19962789888,7893216768,0,21462646784,42298834944,87091200,0,0,"{""all"": 69047622144, ""frozen"": 66280430080, ""lora_fake"": 1383596032, ""lora_student"": 1383596032}","{""cpu_copy_count"": 50, ""offloaded_logical_bytes"": 20283648000, ""offloaded_storage_bytes"": 20283648000, ""pack_count"": 200, ""unpack_count"": 0}"
2026-08-19 15:19:18.339,block_48_pre,5,48,pre,8311484928,19962789888,8311484928,0,21462646784,42298834944,87091200,0,0,"{""all"": 69047622144, ""frozen"": 66280430080, ""lora_fake"": 1383596032, ""lora_student"": 1383596032}","{""cpu_copy_count"": 50, ""offloaded_logical_bytes"": 20283648000, ""offloaded_storage_bytes"": 20283648000, ""pack_count"": 200, ""unpack_count"": 0}"
2026-08-19 15:19:18.684,block_48_post,5,48,post,7893216768,19962789888,7893216768,0,21462646784,42298834944,87091200,0,0,"{""all"": 69047622144, ""frozen"": 66280430080, ""lora_fake"": 1383596032, ""lora_student"": 1383596032}","{""cpu_copy_count"": 50, ""offloaded_logical_bytes"": 20283648000, ""offloaded_storage_bytes"": 20283648000, ""pack_count"": 200, ""unpack_count"": 0}"
2026-08-19 15:19:18.697,block_49_pre,5,49,pre,8311484928,19962789888,8311484928,0,21462646784,42298834944,87091200,0,0,"{""all"": 69047622144, ""frozen"": 66280430080, ""lora_fake"": 1383596032, ""lora_student"": 1383596032}","{""cpu_copy_count"": 50, ""offloaded_logical_bytes"": 20283648000, ""offloaded_storage_bytes"": 20283648000, ""pack_count"": 200, ""unpack_count"": 0}"
2026-08-19 15:19:19.042,block_49_post,5,49,post,7893216768,19962789888,7893216768,0,21462646784,42298834944,87091200,0,0,"{""all"": 69047622144, ""frozen"": 66280430080, ""lora_fake"": 1383596032, ""lora_student"": 1383596032}","{""cpu_copy_count"": 50, ""offloaded_logical_bytes"": 20283648000, ""offloaded_storage_bytes"": 20283648000, ""pack_count"": 200, ""unpack_count"": 0}"
2026-08-19 15:19:24.036,block_0_pre,6,0,pre,8325859840,19962789888,8325859840,0,21462646784,42298834944,87091200,0,0,"{""all"": 69047622144, ""frozen"": 66280430080, ""lora_fake"": 1383596032, ""lora_student"": 1383596032}","{""cpu_copy_count"": 50, ""offloaded_logical_bytes"": 20283648000, ""offloaded_storage_bytes"": 20283648000, ""pack_count"": 200, ""unpack_count"": 0}"
2026-08-19 15:19:24.049,block_0_post,6,0,post,7907591680,19962789888,7907591680,0,21462646784,42298834944,87091200,0,0,"{""all"": 69047622144, ""frozen"": 66280430080, ""lora_fake"": 1383596032, ""lora_student"": 1383596032}","{""cpu_copy_count"": 50, ""offloaded_logical_bytes"": 20283648000, ""offloaded_storage_bytes"": 20283648000, ""pack_count"": 200, ""unpack_count"": 0}"
2026-08-19 15:19:24.061,block_1_pre,6,1,pre,8325859840,19962789888,8325859840,0,21462646784,42298834944,87091200,0,0,"{""all"": 69047622144, ""frozen"": 66280430080, ""lora_fake"": 1383596032, ""lora_student"": 1383596032}","{""cpu_copy_count"": 50, ""offloaded_logical_bytes"": 20283648000, ""offloaded_storage_bytes"": 20283648000, ""pack_count"": 200, ""unpack_count"": 0}"
2026-08-19 15:19:24.073,block_1_post,6,1,post,7907591680,19962789888,7907591680,0,21462646784,42298834944,87091200,0,0,"{""all"": 69047622144, ""frozen"": 66280430080, ""lora_fake"": 1383596032, ""lora_student"": 1383596032}","{""cpu_copy_count"": 50, ""offloaded_logical_bytes"": 20283648000, ""offloaded_storage_bytes"": 20283648000, ""pack_count"": 200, ""unpack_count"": 0}"
2026-08-19 15:19:24.085,block_2_pre,6,2,pre,8325859840,19962789888,8325859840,0,21462646784,42298834944,87091200,0,0,"{""all"": 69047622144, ""frozen"": 66280430080, ""lora_fake"": 1383596032, ""lora_student"": 1383596032}","{""cpu_copy_count"": 50, ""offloaded_logical_bytes"": 20283648000, ""offloaded_storage_bytes"": 20283648000, ""pack_count"": 200, ""unpack_count"": 0}"
2026-08-19 15:19:24.098,block_2_post,6,2,post,7907591680,19962789888,7907591680,0,21462646784,42298834944,87091200,0,0,"{""all"": 69047622144, ""frozen"": 66280430080, ""lora_fake"": 1383596032, ""lora_student"": 1383596032}","{""cpu_copy_count"": 50, ""offloaded_logical_bytes"": 20283648000, ""offloaded_storage_bytes"": 20283648000, ""pack_count"": 200, ""unpack_count"": 0}"
2026-08-19 15:19:24.110,block_3_pre,6,3,pre,8325859840,19962789888,8325859840,0,21462646784,42298834944,87091200,0,0,"{""all"": 69047622144, ""frozen"": 66280430080, ""lora_fake"": 1383596032, ""lora_student"": 1383596032}","{""cpu_copy_count"": 50, ""offloaded_logical_bytes"": 20283648000, ""offloaded_storage_bytes"": 20283648000, ""pack_count"": 200, ""unpack_count"": 0}"
2026-08-19 15:19:24.122,block_3_post,6,3,post,7907591680,19962789888,7907591680,0,21462646784,42298834944,87091200,0,0,"{""all"": 69047622144, ""frozen"": 66280430080, ""lora_fake"": 1383596032, ""lora_student"": 1383596032}","{""cpu_copy_count"": 50, ""offloaded_logical_bytes"": 20283648000, ""offloaded_storage_bytes"": 20283648000, ""pack_count"": 200, ""unpack_count"": 0}"
2026-08-19 15:19:24.134,block_4_pre,6,4,pre,8325859840,19962789888,8325859840,0,21462646784,42298834944,87091200,0,0,"{""all"": 69047622144, ""frozen"": 66280430080, ""lora_fake"": 1383596032, ""lora_student"": 1383596032}","{""cpu_copy_count"": 50, ""offloaded_logical_bytes"": 20283648000, ""offloaded_storage_bytes"": 20283648000, ""pack_count"": 200, ""unpack_count"": 0}"
2026-08-19 15:19:24.146,block_4_post,6,4,post,7907591680,19962789888,7907591680,0,21462646784,42298834944,87091200,0,0,"{""all"": 69047622144, ""frozen"": 66280430080, ""lora_fake"": 1383596032, ""lora_student"": 1383596032}","{""cpu_copy_count"": 50, ""offloaded_logical_bytes"": 20283648000, ""offloaded_storage_bytes"": 20283648000, ""pack_count"": 200, ""unpack_count"": 0}"
2026-08-19 15:19:24.158,block_5_pre,6,5,pre,8325859840,19962789888,8325859840,0,21462646784,42298834944,87091200,0,0,"{""all"": 69047622144, ""frozen"": 66280430080, ""lora_fake"": 1383596032, ""lora_student"": 1383596032}","{""cpu_copy_count"": 50, ""offloaded_logical_bytes"": 20283648000, ""offloaded_storage_bytes"": 20283648000, ""pack_count"": 200, ""unpack_count"": 0}"
2026-08-19 15:19:24.172,block_5_post,6,5,post,7907591680,19962789888,7907591680,0,21462646784,42298834944,87091200,0,0,"{""all"": 69047622144, ""frozen"": 66280430080, ""lora_fake"": 1383596032, ""lora_student"": 1383596032}","{""cpu_copy_count"": 50, ""offloaded_logical_bytes"": 20283648000, ""offloaded_storage_bytes"": 20283648000, ""pack_count"": 200, ""unpack_count"": 0}"
2026-08-19 15:19:24.184,block_6_pre,6,6,pre,8325859840,19962789888,8325859840,0,21462646784,42298834944,87091200,0,0,"{""all"": 69047622144, ""frozen"": 66280430080, ""lora_fake"": 1383596032, ""lora_student"": 1383596032}","{""cpu_copy_count"": 50, ""offloaded_logical_bytes"": 20283648000, ""offloaded_storage_bytes"": 20283648000, ""pack_count"": 200, ""unpack_count"": 0}"
2026-08-19 15:19:24.197,block_6_post,6,6,post,7907591680,19962789888,7907591680,0,21462646784,42298834944,87091200,0,0,"{""all"": 69047622144, ""frozen"": 66280430080, ""lora_fake"": 1383596032, ""lora_student"": 1383596032}","{""cpu_copy_count"": 50, ""offloaded_logical_bytes"": 20283648000, ""offloaded_storage_bytes"": 20283648000, ""pack_count"": 200, ""unpack_count"": 0}"
2026-08-19 15:19:24.209,block_7_pre,6,7,pre,8325859840,19962789888,8325859840,0,21462646784,42298834944,87091200,0,0,"{""all"": 69047622144, ""frozen"": 66280430080, ""lora_fake"": 1383596032, ""lora_student"": 1383596032}","{""cpu_copy_count"": 50, ""offloaded_logical_bytes"": 20283648000, ""offloaded_storage_bytes"": 20283648000, ""pack_count"": 200, ""unpack_count"": 0}"
2026-08-19 15:19:24.222,block_7_post,6,7,post,7907591680,19962789888,7907591680,0,21462646784,42298834944,87091200,0,0,"{""all"": 69047622144, ""frozen"": 66280430080, ""lora_fake"": 1383596032, ""lora_student"": 1383596032}","{""cpu_copy_count"": 50, ""offloaded_logical_bytes"": 20283648000, ""offloaded_storage_bytes"": 20283648000, ""pack_count"": 200, ""unpack_count"": 0}"
2026-08-19 15:19:24.234,block_8_pre,6,8,pre,8325859840,19962789888,8325859840,0,21462646784,42298834944,87091200,0,0,"{""all"": 69047622144, ""frozen"": 66280430080, ""lora_fake"": 1383596032, ""lora_student"": 1383596032}","{""cpu_copy_count"": 50, ""offloaded_logical_bytes"": 20283648000, ""offloaded_storage_bytes"": 20283648000, ""pack_count"": 200, ""unpack_count"": 0}"
2026-08-19 15:19:24.247,block_8_post,6,8,post,7907591680,19962789888,7907591680,0,21462646784,42298834944,87091200,0,0,"{""all"": 69047622144, ""frozen"": 66280430080, ""lora_fake"": 1383596032, ""lora_student"": 1383596032}","{""cpu_copy_count"": 50, ""offloaded_logical_bytes"": 20283648000, ""offloaded_storage_bytes"": 20283648000, ""pack_count"": 200, ""unpack_count"": 0}"
2026-08-19 15:19:24.259,block_9_pre,6,9,pre,8325859840,19962789888,8325859840,0,21462646784,42298834944,87091200,0,0,"{""all"": 69047622144, ""frozen"": 66280430080, ""lora_fake"": 1383596032, ""lora_student"": 1383596032}","{""cpu_copy_count"": 50, ""offloaded_logical_bytes"": 20283648000, ""offloaded_storage_bytes"": 20283648000, ""pack_count"": 200, ""unpack_count"": 0}"
2026-08-19 15:19:24.271,block_9_post,6,9,post,7907591680,19962789888,7907591680,0,21462646784,42298834944,87091200,0,0,"{""all"": 69047622144, ""frozen"": 66280430080, ""lora_fake"": 1383596032, ""lora_student"": 1383596032}","{""cpu_copy_count"": 50, ""offloaded_logical_bytes"": 20283648000, ""offloaded_storage_bytes"": 20283648000, ""pack_count"": 200, ""unpack_count"": 0}"
2026-08-19 15:19:24.284,block_10_pre,6,10,pre,8325859840,19962789888,8325859840,0,21462646784,42298834944,87091200,0,0,"{""all"": 69047622144, ""frozen"": 66280430080, ""lora_fake"": 1383596032, ""lora_student"": 1383596032}","{""cpu_copy_count"": 50, ""offloaded_logical_bytes"": 20283648000, ""offloaded_storage_bytes"": 20283648000, ""pack_count"": 200, ""unpack_count"": 0}"
2026-08-19 15:19:24.296,block_10_post,6,10,post,7907591680,19962789888,7907591680,0,21462646784,42298834944,87091200,0,0,"{""all"": 69047622144, ""frozen"": 66280430080, ""lora_fake"": 1383596032, ""lora_student"": 1383596032}","{""cpu_copy_count"": 50, ""offloaded_logical_bytes"": 20283648000, ""offloaded_storage_bytes"": 20283648000, ""pack_count"": 200, ""unpack_count"": 0}"
2026-08-19 15:19:24.309,block_11_pre,6,11,pre,8325859840,19962789888,8325859840,0,21462646784,42298834944,87091200,0,0,"{""all"": 69047622144, ""frozen"": 66280430080, ""lora_fake"": 1383596032, ""lora_student"": 1383596032}","{""cpu_copy_count"": 50, ""offloaded_logical_bytes"": 20283648000, ""offloaded_storage_bytes"": 20283648000, ""pack_count"": 200, ""unpack_count"": 0}"
2026-08-19 15:19:24.321,block_11_post,6,11,post,7907591680,19962789888,7907591680,0,21462646784,42298834944,87091200,0,0,"{""all"": 69047622144, ""frozen"": 66280430080, ""lora_fake"": 1383596032, ""lora_student"": 1383596032}","{""cpu_copy_count"": 50, ""offloaded_logical_bytes"": 20283648000, ""offloaded_storage_bytes"": 20283648000, ""pack_count"": 200, ""unpack_count"": 0}"
2026-08-19 15:19:24.333,block_12_pre,6,12,pre,8325859840,19962789888,8325859840,0,21462646784,42298834944,87091200,0,0,"{""all"": 69047622144, ""frozen"": 66280430080, ""lora_fake"": 1383596032, ""lora_student"": 1383596032}","{""cpu_copy_count"": 50, ""offloaded_logical_bytes"": 20283648000, ""offloaded_storage_bytes"": 20283648000, ""pack_count"": 200, ""unpack_count"": 0}"
2026-08-19 15:19:24.346,block_12_post,6,12,post,7907591680,19962789888,7907591680,0,21462646784,42298834944,87091200,0,0,"{""all"": 69047622144, ""frozen"": 66280430080, ""lora_fake"": 1383596032, ""lora_student"": 1383596032}","{""cpu_copy_count"": 50, ""offloaded_logical_bytes"": 20283648000, ""offloaded_storage_bytes"": 20283648000, ""pack_count"": 200, ""unpack_count"": 0}"
2026-08-19 15:19:24.357,block_13_pre,6,13,pre,8325859840,19962789888,8325859840,0,21462646784,42298834944,87091200,0,0,"{""all"": 69047622144, ""frozen"": 66280430080, ""lora_fake"": 1383596032, ""lora_student"": 1383596032}","{""cpu_copy_count"": 50, ""offloaded_logical_bytes"": 20283648000, ""offloaded_storage_bytes"": 20283648000, ""pack_count"": 200, ""unpack_count"": 0}"
2026-08-19 15:19:24.370,block_13_post,6,13,post,7907591680,19962789888,7907591680,0,21462646784,42298834944,87091200,0,0,"{""all"": 69047622144, ""frozen"": 66280430080, ""lora_fake"": 1383596032, ""lora_student"": 1383596032}","{""cpu_copy_count"": 50, ""offloaded_logical_bytes"": 20283648000, ""offloaded_storage_bytes"": 20283648000, ""pack_count"": 200, ""unpack_count"": 0}"
2026-08-19 15:19:24.381,block_14_pre,6,14,pre,8325859840,19962789888,8325859840,0,21462646784,42298834944,87091200,0,0,"{""all"": 69047622144, ""frozen"": 66280430080, ""lora_fake"": 1383596032, ""lora_student"": 1383596032}","{""cpu_copy_count"": 50, ""offloaded_logical_bytes"": 20283648000, ""offloaded_storage_bytes"": 20283648000, ""pack_count"": 200, ""unpack_count"": 0}"
2026-08-19 15:19:24.394,block_14_post,6,14,post,7907591680,19962789888,7907591680,0,21462646784,42298834944,87091200,0,0,"{""all"": 69047622144, ""frozen"": 66280430080, ""lora_fake"": 1383596032, ""lora_student"": 1383596032}","{""cpu_copy_count"": 50, ""offloaded_logical_bytes"": 20283648000, ""offloaded_storage_bytes"": 20283648000, ""pack_count"": 200, ""unpack_count"": 0}"
2026-08-19 15:19:24.406,block_15_pre,6,15,pre,8325859840,19962789888,8325859840,0,21462646784,42298834944,87091200,0,0,"{""all"": 69047622144, ""frozen"": 66280430080, ""lora_fake"": 1383596032, ""lora_student"": 1383596032}","{""cpu_copy_count"": 50, ""offloaded_logical_bytes"": 20283648000, ""offloaded_storage_bytes"": 20283648000, ""pack_count"": 200, ""unpack_count"": 0}"
2026-08-19 15:19:24.418,block_15_post,6,15,post,7907591680,19962789888,7907591680,0,21462646784,42298834944,87091200,0,0,"{""all"": 69047622144, ""frozen"": 66280430080, ""lora_fake"": 1383596032, ""lora_student"": 1383596032}","{""cpu_copy_count"": 50, ""offloaded_logical_bytes"": 20283648000, ""offloaded_storage_bytes"": 20283648000, ""pack_count"": 200, ""unpack_count"": 0}"
2026-08-19 15:19:24.430,block_16_pre,6,16,pre,8325859840,19962789888,8325859840,0,21462646784,42298834944,87091200,0,0,"{""all"": 69047622144, ""frozen"": 66280430080, ""lora_fake"": 1383596032, ""lora_student"": 1383596032}","{""cpu_copy_count"": 50, ""offloaded_logical_bytes"": 20283648000, ""offloaded_storage_bytes"": 20283648000, ""pack_count"": 200, ""unpack_count"": 0}"
2026-08-19 15:19:24.443,block_16_post,6,16,post,7907591680,19962789888,7907591680,0,21462646784,42298834944,87091200,0,0,"{""all"": 69047622144, ""frozen"": 66280430080, ""lora_fake"": 1383596032, ""lora_student"": 1383596032}","{""cpu_copy_count"": 50, ""offloaded_logical_bytes"": 20283648000, ""offloaded_storage_bytes"": 20283648000, ""pack_count"": 200, ""unpack_count"": 0}"
2026-08-19 15:19:24.454,block_17_pre,6,17,pre,8325859840,19962789888,8325859840,0,21462646784,42298834944,87091200,0,0,"{""all"": 69047622144, ""frozen"": 66280430080, ""lora_fake"": 1383596032, ""lora_student"": 1383596032}","{""cpu_copy_count"": 50, ""offloaded_logical_bytes"": 20283648000, ""offloaded_storage_bytes"": 20283648000, ""pack_count"": 200, ""unpack_count"": 0}"
2026-08-19 15:19:24.467,block_17_post,6,17,post,7907591680,19962789888,7907591680,0,21462646784,42298834944,87091200,0,0,"{""all"": 69047622144, ""frozen"": 66280430080, ""lora_fake"": 1383596032, ""lora_student"": 1383596032}","{""cpu_copy_count"": 50, ""offloaded_logical_bytes"": 20283648000, ""offloaded_storage_bytes"": 20283648000, ""pack_count"": 200, ""unpack_count"": 0}"
2026-08-19 15:19:24.479,block_18_pre,6,18,pre,8325859840,19962789888,8325859840,0,21462646784,42298834944,87091200,0,0,"{""all"": 69047622144, ""frozen"": 66280430080, ""lora_fake"": 1383596032, ""lora_student"": 1383596032}","{""cpu_copy_count"": 50, ""offloaded_logical_bytes"": 20283648000, ""offloaded_storage_bytes"": 20283648000, ""pack_count"": 200, ""unpack_count"": 0}"
2026-08-19 15:19:24.491,block_18_post,6,18,post,7907591680,19962789888,7907591680,0,21462646784,42298834944,87091200,0,0,"{""all"": 69047622144, ""frozen"": 66280430080, ""lora_fake"": 1383596032, ""lora_student"": 1383596032}","{""cpu_copy_count"": 50, ""offloaded_logical_bytes"": 20283648000, ""offloaded_storage_bytes"": 20283648000, ""pack_count"": 200, ""unpack_count"": 0}"
2026-08-19 15:19:24.504,block_19_pre,6,19,pre,8325859840,19962789888,8325859840,0,21462646784,42298834944,87091200,0,0,"{""all"": 69047622144, ""frozen"": 66280430080, ""lora_fake"": 1383596032, ""lora_student"": 1383596032}","{""cpu_copy_count"": 50, ""offloaded_logical_bytes"": 20283648000, ""offloaded_storage_bytes"": 20283648000, ""pack_count"": 200, ""unpack_count"": 0}"
2026-08-19 15:19:24.519,block_19_post,6,19,post,7907591680,19962789888,7907591680,0,21462646784,42298834944,87091200,0,0,"{""all"": 69047622144, ""frozen"": 66280430080, ""lora_fake"": 1383596032, ""lora_student"": 1383596032}","{""cpu_copy_count"": 50, ""offloaded_logical_bytes"": 20283648000, ""offloaded_storage_bytes"": 20283648000, ""pack_count"": 200, ""unpack_count"": 0}"
2026-08-19 15:19:24.535,block_20_pre,6,20,pre,8325859840,19962789888,8325859840,0,21462646784,42298834944,87091200,0,0,"{""all"": 69047622144, ""frozen"": 66280430080, ""lora_fake"": 1383596032, ""lora_student"": 1383596032}","{""cpu_copy_count"": 50, ""offloaded_logical_bytes"": 20283648000, ""offloaded_storage_bytes"": 20283648000, ""pack_count"": 200, ""unpack_count"": 0}"
2026-08-19 15:19:24.548,block_20_post,6,20,post,7907591680,19962789888,7907591680,0,21462646784,42298834944,87091200,0,0,"{""all"": 69047622144, ""frozen"": 66280430080, ""lora_fake"": 1383596032, ""lora_student"": 1383596032}","{""cpu_copy_count"": 50, ""offloaded_logical_bytes"": 20283648000, ""offloaded_storage_bytes"": 20283648000, ""pack_count"": 200, ""unpack_count"": 0}"
2026-08-19 15:19:24.560,block_21_pre,6,21,pre,8325859840,19962789888,8325859840,0,21462646784,42298834944,87091200,0,0,"{""all"": 69047622144, ""frozen"": 66280430080, ""lora_fake"": 1383596032, ""lora_student"": 1383596032}","{""cpu_copy_count"": 50, ""offloaded_logical_bytes"": 20283648000, ""offloaded_storage_bytes"": 20283648000, ""pack_count"": 200, ""unpack_count"": 0}"
2026-08-19 15:19:24.573,block_21_post,6,21,post,7907591680,19962789888,7907591680,0,21462646784,42298834944,87091200,0,0,"{""all"": 69047622144, ""frozen"": 66280430080, ""lora_fake"": 1383596032, ""lora_student"": 1383596032}","{""cpu_copy_count"": 50, ""offloaded_logical_bytes"": 20283648000, ""offloaded_storage_bytes"": 20283648000, ""pack_count"": 200, ""unpack_count"": 0}"
2026-08-19 15:19:24.585,block_22_pre,6,22,pre,8325859840,19962789888,8325859840,0,21462646784,42298834944,87091200,0,0,"{""all"": 69047622144, ""frozen"": 66280430080, ""lora_fake"": 1383596032, ""lora_student"": 1383596032}","{""cpu_copy_count"": 50, ""offloaded_logical_bytes"": 20283648000, ""offloaded_storage_bytes"": 20283648000, ""pack_count"": 200, ""unpack_count"": 0}"
2026-08-19 15:19:24.846,block_22_post,6,22,post,7907591680,19962789888,7907591680,0,21462646784,42298834944,87091200,0,0,"{""all"": 69047622144, ""frozen"": 66280430080, ""lora_fake"": 1383596032, ""lora_student"": 1383596032}","{""cpu_copy_count"": 50, ""offloaded_logical_bytes"": 20283648000, ""offloaded_storage_bytes"": 20283648000, ""pack_count"": 200, ""unpack_count"": 0}"
2026-08-19 15:19:24.858,block_23_pre,6,23,pre,8325859840,19962789888,8325859840,0,21462646784,42298834944,87091200,0,0,"{""all"": 69047622144, ""frozen"": 66280430080, ""lora_fake"": 1383596032, ""lora_student"": 1383596032}","{""cpu_copy_count"": 50, ""offloaded_logical_bytes"": 20283648000, ""offloaded_storage_bytes"": 20283648000, ""pack_count"": 200, ""unpack_count"": 0}"
2026-08-19 15:19:25.173,block_23_post,6,23,post,7907591680,19962789888,7907591680,0,21462646784,42298834944,87091200,0,0,"{""all"": 69047622144, ""frozen"": 66280430080, ""lora_fake"": 1383596032, ""lora_student"": 1383596032}","{""cpu_copy_count"": 50, ""offloaded_logical_bytes"": 20283648000, ""offloaded_storage_bytes"": 20283648000, ""pack_count"": 200, ""unpack_count"": 0}"
2026-08-19 15:19:25.184,block_24_pre,6,24,pre,8325859840,19962789888,8325859840,0,21462646784,42298834944,87091200,0,0,"{""all"": 69047622144, ""frozen"": 66280430080, ""lora_fake"": 1383596032, ""lora_student"": 1383596032}","{""cpu_copy_count"": 50, ""offloaded_logical_bytes"": 20283648000, ""offloaded_storage_bytes"": 20283648000, ""pack_count"": 200, ""unpack_count"": 0}"
2026-08-19 15:19:25.499,block_24_post,6,24,post,7907591680,19962789888,7907591680,0,21462646784,42298834944,87091200,0,0,"{""all"": 69047622144, ""frozen"": 66280430080, ""lora_fake"": 1383596032, ""lora_student"": 1383596032}","{""cpu_copy_count"": 50, ""offloaded_logical_bytes"": 20283648000, ""offloaded_storage_bytes"": 20283648000, ""pack_count"": 200, ""unpack_count"": 0}"
2026-08-19 15:19:25.511,block_25_pre,6,25,pre,8325859840,19962789888,8325859840,0,21462646784,42298834944,87091200,0,0,"{""all"": 69047622144, ""frozen"": 66280430080, ""lora_fake"": 1383596032, ""lora_student"": 1383596032}","{""cpu_copy_count"": 50, ""offloaded_logical_bytes"": 20283648000, ""offloaded_storage_bytes"": 20283648000, ""pack_count"": 200, ""unpack_count"": 0}"
2026-08-19 15:19:25.831,block_25_post,6,25,post,7907591680,19962789888,7907591680,0,21462646784,42298834944,87091200,0,0,"{""all"": 69047622144, ""frozen"": 66280430080, ""lora_fake"": 1383596032, ""lora_student"": 1383596032}","{""cpu_copy_count"": 50, ""offloaded_logical_bytes"": 20283648000, ""offloaded_storage_bytes"": 20283648000, ""pack_count"": 200, ""unpack_count"": 0}"
2026-08-19 15:19:25.843,block_26_pre,6,26,pre,8325859840,19962789888,8325859840,0,21462646784,42298834944,87091200,0,0,"{""all"": 69047622144, ""frozen"": 66280430080, ""lora_fake"": 1383596032, ""lora_student"": 1383596032}","{""cpu_copy_count"": 50, ""offloaded_logical_bytes"": 20283648000, ""offloaded_storage_bytes"": 20283648000, ""pack_count"": 200, ""unpack_count"": 0}"
2026-08-19 15:19:26.162,block_26_post,6,26,post,7907591680,19962789888,7907591680,0,21462646784,42298834944,87091200,0,0,"{""all"": 69047622144, ""frozen"": 66280430080, ""lora_fake"": 1383596032, ""lora_student"": 1383596032}","{""cpu_copy_count"": 50, ""offloaded_logical_bytes"": 20283648000, ""offloaded_storage_bytes"": 20283648000, ""pack_count"": 200, ""unpack_count"": 0}"
2026-08-19 15:19:26.175,block_27_pre,6,27,pre,8325859840,19962789888,8325859840,0,21462646784,42298834944,87091200,0,0,"{""all"": 69047622144, ""frozen"": 66280430080, ""lora_fake"": 1383596032, ""lora_student"": 1383596032}","{""cpu_copy_count"": 50, ""offloaded_logical_bytes"": 20283648000, ""offloaded_storage_bytes"": 20283648000, ""pack_count"": 200, ""unpack_count"": 0}"
2026-08-19 15:19:26.493,block_27_post,6,27,post,7907591680,19962789888,7907591680,0,21462646784,42298834944,87091200,0,0,"{""all"": 69047622144, ""frozen"": 66280430080, ""lora_fake"": 1383596032, ""lora_student"": 1383596032}","{""cpu_copy_count"": 50, ""offloaded_logical_bytes"": 20283648000, ""offloaded_storage_bytes"": 20283648000, ""pack_count"": 200, ""unpack_count"": 0}"
2026-08-19 15:19:26.505,block_28_pre,6,28,pre,8325859840,19962789888,8325859840,0,21462646784,42298834944,87091200,0,0,"{""all"": 69047622144, ""frozen"": 66280430080, ""lora_fake"": 1383596032, ""lora_student"": 1383596032}","{""cpu_copy_count"": 50, ""offloaded_logical_bytes"": 20283648000, ""offloaded_storage_bytes"": 20283648000, ""pack_count"": 200, ""unpack_count"": 0}"
2026-08-19 15:19:26.824,block_28_post,6,28,post,7907591680,19962789888,7907591680,0,21462646784,42298834944,87091200,0,0,"{""all"": 69047622144, ""frozen"": 66280430080, ""lora_fake"": 1383596032, ""lora_student"": 1383596032}","{""cpu_copy_count"": 50, ""offloaded_logical_bytes"": 20283648000, ""offloaded_storage_bytes"": 20283648000, ""pack_count"": 200, ""unpack_count"": 0}"
2026-08-19 15:19:26.837,block_29_pre,6,29,pre,8325859840,19962789888,8325859840,0,21462646784,42298834944,87091200,0,0,"{""all"": 69047622144, ""frozen"": 66280430080, ""lora_fake"": 1383596032, ""lora_student"": 1383596032}","{""cpu_copy_count"": 50, ""offloaded_logical_bytes"": 20283648000, ""offloaded_storage_bytes"": 20283648000, ""pack_count"": 200, ""unpack_count"": 0}"
2026-08-19 15:19:27.157,block_29_post,6,29,post,7907591680,19962789888,7907591680,0,21462646784,42298834944,87091200,0,0,"{""all"": 69047622144, ""frozen"": 66280430080, ""lora_fake"": 1383596032, ""lora_student"": 1383596032}","{""cpu_copy_count"": 50, ""offloaded_logical_bytes"": 20283648000, ""offloaded_storage_bytes"": 20283648000, ""pack_count"": 200, ""unpack_count"": 0}"
2026-08-19 15:19:27.169,block_30_pre,6,30,pre,8325859840,19962789888,8325859840,0,21462646784,42298834944,87091200,0,0,"{""all"": 69047622144, ""frozen"": 66280430080, ""lora_fake"": 1383596032, ""lora_student"": 1383596032}","{""cpu_copy_count"": 50, ""offloaded_logical_bytes"": 20283648000, ""offloaded_storage_bytes"": 20283648000, ""pack_count"": 200, ""unpack_count"": 0}"
2026-08-19 15:19:27.490,block_30_post,6,30,post,7907591680,19962789888,7907591680,0,21462646784,42298834944,87091200,0,0,"{""all"": 69047622144, ""frozen"": 66280430080, ""lora_fake"": 1383596032, ""lora_student"": 1383596032}","{""cpu_copy_count"": 50, ""offloaded_logical_bytes"": 20283648000, ""offloaded_storage_bytes"": 20283648000, ""pack_count"": 200, ""unpack_count"": 0}"
2026-08-19 15:19:27.501,block_31_pre,6,31,pre,8325859840,19962789888,8325859840,0,21462646784,42298834944,87091200,0,0,"{""all"": 69047622144, ""frozen"": 66280430080, ""lora_fake"": 1383596032, ""lora_student"": 1383596032}","{""cpu_copy_count"": 50, ""offloaded_logical_bytes"": 20283648000, ""offloaded_storage_bytes"": 20283648000, ""pack_count"": 200, ""unpack_count"": 0}"
2026-08-19 15:19:27.822,block_31_post,6,31,post,7907591680,19962789888,7907591680,0,21462646784,42298834944,87091200,0,0,"{""all"": 69047622144, ""frozen"": 66280430080, ""lora_fake"": 1383596032, ""lora_student"": 1383596032}","{""cpu_copy_count"": 50, ""offloaded_logical_bytes"": 20283648000, ""offloaded_storage_bytes"": 20283648000, ""pack_count"": 200, ""unpack_count"": 0}"
2026-08-19 15:19:27.834,block_32_pre,6,32,pre,8325859840,19962789888,8325859840,0,21462646784,42298834944,87091200,0,0,"{""all"": 69047622144, ""frozen"": 66280430080, ""lora_fake"": 1383596032, ""lora_student"": 1383596032}","{""cpu_copy_count"": 50, ""offloaded_logical_bytes"": 20283648000, ""offloaded_storage_bytes"": 20283648000, ""pack_count"": 200, ""unpack_count"": 0}"
2026-08-19 15:19:28.154,block_32_post,6,32,post,7907591680,19962789888,7907591680,0,21462646784,42298834944,87091200,0,0,"{""all"": 69047622144, ""frozen"": 66280430080, ""lora_fake"": 1383596032, ""lora_student"": 1383596032}","{""cpu_copy_count"": 50, ""offloaded_logical_bytes"": 20283648000, ""offloaded_storage_bytes"": 20283648000, ""pack_count"": 200, ""unpack_count"": 0}"
2026-08-19 15:19:28.166,block_33_pre,6,33,pre,8325859840,19962789888,8325859840,0,21462646784,42298834944,87091200,0,0,"{""all"": 69047622144, ""frozen"": 66280430080, ""lora_fake"": 1383596032, ""lora_student"": 1383596032}","{""cpu_copy_count"": 50, ""offloaded_logical_bytes"": 20283648000, ""offloaded_storage_bytes"": 20283648000, ""pack_count"": 200, ""unpack_count"": 0}"
2026-08-19 15:19:28.488,block_33_post,6,33,post,7907591680,19962789888,7907591680,0,21462646784,42298834944,87091200,0,0,"{""all"": 69047622144, ""frozen"": 66280430080, ""lora_fake"": 1383596032, ""lora_student"": 1383596032}","{""cpu_copy_count"": 50, ""offloaded_logical_bytes"": 20283648000, ""offloaded_storage_bytes"": 20283648000, ""pack_count"": 200, ""unpack_count"": 0}"
2026-08-19 15:19:28.501,block_34_pre,6,34,pre,8325859840,19962789888,8325859840,0,21462646784,42298834944,87091200,0,0,"{""all"": 69047622144, ""frozen"": 66280430080, ""lora_fake"": 1383596032, ""lora_student"": 1383596032}","{""cpu_copy_count"": 50, ""offloaded_logical_bytes"": 20283648000, ""offloaded_storage_bytes"": 20283648000, ""pack_count"": 200, ""unpack_count"": 0}"
2026-08-19 15:19:28.822,block_34_post,6,34,post,7907591680,19962789888,7907591680,0,21462646784,42298834944,87091200,0,0,"{""all"": 69047622144, ""frozen"": 66280430080, ""lora_fake"": 1383596032, ""lora_student"": 1383596032}","{""cpu_copy_count"": 50, ""offloaded_logical_bytes"": 20283648000, ""offloaded_storage_bytes"": 20283648000, ""pack_count"": 200, ""unpack_count"": 0}"
2026-08-19 15:19:28.835,block_35_pre,6,35,pre,8325859840,19962789888,8325859840,0,21462646784,42298834944,87091200,0,0,"{""all"": 69047622144, ""frozen"": 66280430080, ""lora_fake"": 1383596032, ""lora_student"": 1383596032}","{""cpu_copy_count"": 50, ""offloaded_logical_bytes"": 20283648000, ""offloaded_storage_bytes"": 20283648000, ""pack_count"": 200, ""unpack_count"": 0}"
2026-08-19 15:19:29.157,block_35_post,6,35,post,7907591680,19962789888,7907591680,0,21462646784,42298834944,87091200,0,0,"{""all"": 69047622144, ""frozen"": 66280430080, ""lora_fake"": 1383596032, ""lora_student"": 1383596032}","{""cpu_copy_count"": 50, ""offloaded_logical_bytes"": 20283648000, ""offloaded_storage_bytes"": 20283648000, ""pack_count"": 200, ""unpack_count"": 0}"
2026-08-19 15:19:29.169,block_36_pre,6,36,pre,8325859840,19962789888,8325859840,0,21462646784,42298834944,87091200,0,0,"{""all"": 69047622144, ""frozen"": 66280430080, ""lora_fake"": 1383596032, ""lora_student"": 1383596032}","{""cpu_copy_count"": 50, ""offloaded_logical_bytes"": 20283648000, ""offloaded_storage_bytes"": 20283648000, ""pack_count"": 200, ""unpack_count"": 0}"
2026-08-19 15:19:29.492,block_36_post,6,36,post,7907591680,19962789888,7907591680,0,21462646784,42298834944,87091200,0,0,"{""all"": 69047622144, ""frozen"": 66280430080, ""lora_fake"": 1383596032, ""lora_student"": 1383596032}","{""cpu_copy_count"": 50, ""offloaded_logical_bytes"": 20283648000, ""offloaded_storage_bytes"": 20283648000, ""pack_count"": 200, ""unpack_count"": 0}"
2026-08-19 15:19:29.504,block_37_pre,6,37,pre,8325859840,19962789888,8325859840,0,21462646784,42298834944,87091200,0,0,"{""all"": 69047622144, ""frozen"": 66280430080, ""lora_fake"": 1383596032, ""lora_student"": 1383596032}","{""cpu_copy_count"": 50, ""offloaded_logical_bytes"": 20283648000, ""offloaded_storage_bytes"": 20283648000, ""pack_count"": 200, ""unpack_count"": 0}"
2026-08-19 15:19:29.827,block_37_post,6,37,post,7907591680,19962789888,7907591680,0,21462646784,42298834944,87091200,0,0,"{""all"": 69047622144, ""frozen"": 66280430080, ""lora_fake"": 1383596032, ""lora_student"": 1383596032}","{""cpu_copy_count"": 50, ""offloaded_logical_bytes"": 20283648000, ""offloaded_storage_bytes"": 20283648000, ""pack_count"": 200, ""unpack_count"": 0}"
2026-08-19 15:19:29.839,block_38_pre,6,38,pre,8325859840,19962789888,8325859840,0,21462646784,42298834944,87091200,0,0,"{""all"": 69047622144, ""frozen"": 66280430080, ""lora_fake"": 1383596032, ""lora_student"": 1383596032}","{""cpu_copy_count"": 50, ""offloaded_logical_bytes"": 20283648000, ""offloaded_storage_bytes"": 20283648000, ""pack_count"": 200, ""unpack_count"": 0}"
2026-08-19 15:19:30.160,block_38_post,6,38,post,7907591680,19962789888,7907591680,0,21462646784,42298834944,87091200,0,0,"{""all"": 69047622144, ""frozen"": 66280430080, ""lora_fake"": 1383596032, ""lora_student"": 1383596032}","{""cpu_copy_count"": 50, ""offloaded_logical_bytes"": 20283648000, ""offloaded_storage_bytes"": 20283648000, ""pack_count"": 200, ""unpack_count"": 0}"
2026-08-19 15:19:30.172,block_39_pre,6,39,pre,8325859840,19962789888,8325859840,0,21462646784,42298834944,87091200,0,0,"{""all"": 69047622144, ""frozen"": 66280430080, ""lora_fake"": 1383596032, ""lora_student"": 1383596032}","{""cpu_copy_count"": 50, ""offloaded_logical_bytes"": 20283648000, ""offloaded_storage_bytes"": 20283648000, ""pack_count"": 200, ""unpack_count"": 0}"
2026-08-19 15:19:30.494,block_39_post,6,39,post,7907591680,19962789888,7907591680,0,21462646784,42298834944,87091200,0,0,"{""all"": 69047622144, ""frozen"": 66280430080, ""lora_fake"": 1383596032, ""lora_student"": 1383596032}","{""cpu_copy_count"": 50, ""offloaded_logical_bytes"": 20283648000, ""offloaded_storage_bytes"": 20283648000, ""pack_count"": 200, ""unpack_count"": 0}"
2026-08-19 15:19:30.506,block_40_pre,6,40,pre,8325859840,19962789888,8325859840,0,21462646784,42298834944,87091200,0,0,"{""all"": 69047622144, ""frozen"": 66280430080, ""lora_fake"": 1383596032, ""lora_student"": 1383596032}","{""cpu_copy_count"": 50, ""offloaded_logical_bytes"": 20283648000, ""offloaded_storage_bytes"": 20283648000, ""pack_count"": 200, ""unpack_count"": 0}"
2026-08-19 15:19:30.828,block_40_post,6,40,post,7907591680,19962789888,7907591680,0,21462646784,42298834944,87091200,0,0,"{""all"": 69047622144, ""frozen"": 66280430080, ""lora_fake"": 1383596032, ""lora_student"": 1383596032}","{""cpu_copy_count"": 50, ""offloaded_logical_bytes"": 20283648000, ""offloaded_storage_bytes"": 20283648000, ""pack_count"": 200, ""unpack_count"": 0}"
2026-08-19 15:19:30.841,block_41_pre,6,41,pre,8325859840,19962789888,8325859840,0,21462646784,42298834944,87091200,0,0,"{""all"": 69047622144, ""frozen"": 66280430080, ""lora_fake"": 1383596032, ""lora_student"": 1383596032}","{""cpu_copy_count"": 50, ""offloaded_logical_bytes"": 20283648000, ""offloaded_storage_bytes"": 20283648000, ""pack_count"": 200, ""unpack_count"": 0}"
2026-08-19 15:19:31.164,block_41_post,6,41,post,7907591680,19962789888,7907591680,0,21462646784,42298834944,87091200,0,0,"{""all"": 69047622144, ""frozen"": 66280430080, ""lora_fake"": 1383596032, ""lora_student"": 1383596032}","{""cpu_copy_count"": 50, ""offloaded_logical_bytes"": 20283648000, ""offloaded_storage_bytes"": 20283648000, ""pack_count"": 200, ""unpack_count"": 0}"
2026-08-19 15:19:31.175,block_42_pre,6,42,pre,8325859840,19962789888,8325859840,0,21462646784,42298834944,87091200,0,0,"{""all"": 69047622144, ""frozen"": 66280430080, ""lora_fake"": 1383596032, ""lora_student"": 1383596032}","{""cpu_copy_count"": 50, ""offloaded_logical_bytes"": 20283648000, ""offloaded_storage_bytes"": 20283648000, ""pack_count"": 200, ""unpack_count"": 0}"
2026-08-19 15:19:31.500,block_42_post,6,42,post,7907591680,19962789888,7907591680,0,21462646784,42298834944,87091200,0,0,"{""all"": 69047622144, ""frozen"": 66280430080, ""lora_fake"": 1383596032, ""lora_student"": 1383596032}","{""cpu_copy_count"": 50, ""offloaded_logical_bytes"": 20283648000, ""offloaded_storage_bytes"": 20283648000, ""pack_count"": 200, ""unpack_count"": 0}"
2026-08-19 15:19:31.513,block_43_pre,6,43,pre,8325859840,19962789888,8325859840,0,21462646784,42298834944,87091200,0,0,"{""all"": 69047622144, ""frozen"": 66280430080, ""lora_fake"": 1383596032, ""lora_student"": 1383596032}","{""cpu_copy_count"": 50, ""offloaded_logical_bytes"": 20283648000, ""offloaded_storage_bytes"": 20283648000, ""pack_count"": 200, ""unpack_count"": 0}"
2026-08-19 15:19:31.836,block_43_post,6,43,post,7907591680,19962789888,7907591680,0,21462646784,42298834944,87091200,0,0,"{""all"": 69047622144, ""frozen"": 66280430080, ""lora_fake"": 1383596032, ""lora_student"": 1383596032}","{""cpu_copy_count"": 50, ""offloaded_logical_bytes"": 20283648000, ""offloaded_storage_bytes"": 20283648000, ""pack_count"": 200, ""unpack_count"": 0}"
2026-08-19 15:19:31.848,block_44_pre,6,44,pre,8325859840,19962789888,8325859840,0,21462646784,42298834944,87091200,0,0,"{""all"": 69047622144, ""frozen"": 66280430080, ""lora_fake"": 1383596032, ""lora_student"": 1383596032}","{""cpu_copy_count"": 50, ""offloaded_logical_bytes"": 20283648000, ""offloaded_storage_bytes"": 20283648000, ""pack_count"": 200, ""unpack_count"": 0}"
2026-08-19 15:19:32.172,block_44_post,6,44,post,7907591680,19962789888,7907591680,0,21462646784,42298834944,87091200,0,0,"{""all"": 69047622144, ""frozen"": 66280430080, ""lora_fake"": 1383596032, ""lora_student"": 1383596032}","{""cpu_copy_count"": 50, ""offloaded_logical_bytes"": 20283648000, ""offloaded_storage_bytes"": 20283648000, ""pack_count"": 200, ""unpack_count"": 0}"
2026-08-19 15:19:32.184,block_45_pre,6,45,pre,8325859840,19962789888,8325859840,0,21462646784,42298834944,87091200,0,0,"{""all"": 69047622144, ""frozen"": 66280430080, ""lora_fake"": 1383596032, ""lora_student"": 1383596032}","{""cpu_copy_count"": 50, ""offloaded_logical_bytes"": 20283648000, ""offloaded_storage_bytes"": 20283648000, ""pack_count"": 200, ""unpack_count"": 0}"
2026-08-19 15:19:32.507,block_45_post,6,45,post,7907591680,19962789888,7907591680,0,21462646784,42298834944,87091200,0,0,"{""all"": 69047622144, ""frozen"": 66280430080, ""lora_fake"": 1383596032, ""lora_student"": 1383596032}","{""cpu_copy_count"": 50, ""offloaded_logical_bytes"": 20283648000, ""offloaded_storage_bytes"": 20283648000, ""pack_count"": 200, ""unpack_count"": 0}"
2026-08-19 15:19:32.519,block_46_pre,6,46,pre,8325859840,19962789888,8325859840,0,21462646784,42298834944,87091200,0,0,"{""all"": 69047622144, ""frozen"": 66280430080, ""lora_fake"": 1383596032, ""lora_student"": 1383596032}","{""cpu_copy_count"": 50, ""offloaded_logical_bytes"": 20283648000, ""offloaded_storage_bytes"": 20283648000, ""pack_count"": 200, ""unpack_count"": 0}"
2026-08-19 15:19:32.844,block_46_post,6,46,post,7907591680,19962789888,7907591680,0,21462646784,42298834944,87091200,0,0,"{""all"": 69047622144, ""frozen"": 66280430080, ""lora_fake"": 1383596032, ""lora_student"": 1383596032}","{""cpu_copy_count"": 50, ""offloaded_logical_bytes"": 20283648000, ""offloaded_storage_bytes"": 20283648000, ""pack_count"": 200, ""unpack_count"": 0}"
2026-08-19 15:19:32.856,block_47_pre,6,47,pre,8325859840,19962789888,8325859840,0,21462646784,42298834944,87091200,0,0,"{""all"": 69047622144, ""frozen"": 66280430080, ""lora_fake"": 1383596032, ""lora_student"": 1383596032}","{""cpu_copy_count"": 50, ""offloaded_logical_bytes"": 20283648000, ""offloaded_storage_bytes"": 20283648000, ""pack_count"": 200, ""unpack_count"": 0}"
2026-08-19 15:19:33.180,block_47_post,6,47,post,7907591680,19962789888,7907591680,0,21462646784,42298834944,87091200,0,0,"{""all"": 69047622144, ""frozen"": 66280430080, ""lora_fake"": 1383596032, ""lora_student"": 1383596032}","{""cpu_copy_count"": 50, ""offloaded_logical_bytes"": 20283648000, ""offloaded_storage_bytes"": 20283648000, ""pack_count"": 200, ""unpack_count"": 0}"
2026-08-19 15:19:33.192,block_48_pre,6,48,pre,8325859840,19962789888,8325859840,0,21462646784,42298834944,87091200,0,0,"{""all"": 69047622144, ""frozen"": 66280430080, ""lora_fake"": 1383596032, ""lora_student"": 1383596032}","{""cpu_copy_count"": 50, ""offloaded_logical_bytes"": 20283648000, ""offloaded_storage_bytes"": 20283648000, ""pack_count"": 200, ""unpack_count"": 0}"
2026-08-19 15:19:33.516,block_48_post,6,48,post,7907591680,19962789888,7907591680,0,21462646784,42298834944,87091200,0,0,"{""all"": 69047622144, ""frozen"": 66280430080, ""lora_fake"": 1383596032, ""lora_student"": 1383596032}","{""cpu_copy_count"": 50, ""offloaded_logical_bytes"": 20283648000, ""offloaded_storage_bytes"": 20283648000, ""pack_count"": 200, ""unpack_count"": 0}"
2026-08-19 15:19:33.527,block_49_pre,6,49,pre,8325859840,19962789888,8325859840,0,21462646784,42298834944,87091200,0,0,"{""all"": 69047622144, ""frozen"": 66280430080, ""lora_fake"": 1383596032, ""lora_student"": 1383596032}","{""cpu_copy_count"": 50, ""offloaded_logical_bytes"": 20283648000, ""offloaded_storage_bytes"": 20283648000, ""pack_count"": 200, ""unpack_count"": 0}"
2026-08-19 15:19:33.852,block_49_post,6,49,post,7907591680,19962789888,7907591680,0,21462646784,42298834944,87091200,0,0,"{""all"": 69047622144, ""frozen"": 66280430080, ""lora_fake"": 1383596032, ""lora_student"": 1383596032}","{""cpu_copy_count"": 50, ""offloaded_logical_bytes"": 20283648000, ""offloaded_storage_bytes"": 20283648000, ""pack_count"": 200, ""unpack_count"": 0}"
2026-08-19 15:19:40.995,after_student_grad_forward,,,,5383465472,19962789888,5383465472,0,21462646784,42298834944,67737600,0,0,"{""all"": 69047622144, ""frozen"": 66280430080, ""lora_fake"": 1383596032, ""lora_student"": 1383596032}","{""cpu_copy_count"": 50, ""offloaded_logical_bytes"": 20283648000, ""offloaded_storage_bytes"": 20283648000, ""pack_count"": 200, ""unpack_count"": 0}"
2026-08-19 15:19:41.075,before_student_backward,,,,5383465472,19962789888,5383465472,0,21462646784,42298834944,67737600,0,0,"{""all"": 69047622144, ""frozen"": 66280430080, ""lora_fake"": 1383596032, ""lora_student"": 1383596032}","{""cpu_copy_count"": 50, ""offloaded_logical_bytes"": 20283648000, ""offloaded_storage_bytes"": 20283648000, ""pack_count"": 200, ""unpack_count"": 0}"
2026-08-19 15:19:41.381,block_49_pre,6,49,pre,7010966016,19962789888,7010966016,0,21454258176,42298834944,67737600,0,0,"{""all"": 69047622144, ""frozen"": 66280430080, ""lora_fake"": 1383596032, ""lora_student"": 1383596032}","{""cpu_copy_count"": 50, ""offloaded_logical_bytes"": 20283648000, ""offloaded_storage_bytes"": 20283648000, ""pack_count"": 200, ""unpack_count"": 4}"
2026-08-19 15:19:41.443,block_49_post,6,49,post,18869025792,22626172928,18869025792,0,18790875136,42298834944,67737600,0,0,"{""all"": 69047622144, ""frozen"": 66280430080, ""lora_fake"": 1383596032, ""lora_student"": 1383596032}","{""cpu_copy_count"": 50, ""offloaded_logical_bytes"": 20283648000, ""offloaded_storage_bytes"": 20283648000, ""pack_count"": 200, ""unpack_count"": 4}"
2026-08-19 15:19:42.634,block_48_pre,6,48,pre,7587311104,22647144448,7587311104,0,18769903616,42298834944,67737600,0,0,"{""all"": 69047622144, ""frozen"": 66280430080, ""lora_fake"": 1383596032, ""lora_student"": 1383596032}","{""cpu_copy_count"": 50, ""offloaded_logical_bytes"": 20283648000, ""offloaded_storage_bytes"": 20283648000, ""pack_count"": 200, ""unpack_count"": 8}"
2026-08-19 15:19:42.690,block_48_post,6,48,post,19444322304,23569891328,19444322304,0,17847156736,42298834944,67737600,0,0,"{""all"": 69047622144, ""frozen"": 66280430080, ""lora_fake"": 1383596032, ""lora_student"": 1383596032}","{""cpu_copy_count"": 50, ""offloaded_logical_bytes"": 20283648000, ""offloaded_storage_bytes"": 20283648000, ""pack_count"": 200, ""unpack_count"": 8}"
2026-08-19 15:19:43.716,block_47_pre,6,47,pre,8109392384,23569891328,8109392384,0,17847156736,42298834944,67737600,0,0,"{""all"": 69047622144, ""frozen"": 66280430080, ""lora_fake"": 1383596032, ""lora_student"": 1383596032}","{""cpu_copy_count"": 50, ""offloaded_logical_bytes"": 20283648000, ""offloaded_storage_bytes"": 20283648000, ""pack_count"": 200, ""unpack_count"": 12}"
2026-08-19 15:19:43.746,block_47_post,6,47,post,19966403584,24094179328,19966403584,0,17322868736,42298834944,67737600,0,0,"{""all"": 69047622144, ""frozen"": 66280430080, ""lora_fake"": 1383596032, ""lora_student"": 1383596032}","{""cpu_copy_count"": 50, ""offloaded_logical_bytes"": 20283648000, ""offloaded_storage_bytes"": 20283648000, ""pack_count"": 200, ""unpack_count"": 12}"
2026-08-19 15:19:44.804,block_46_pre,6,46,pre,8631473664,24094179328,8631473664,0,17322868736,42298834944,67737600,0,0,"{""all"": 69047622144, ""frozen"": 66280430080, ""lora_fake"": 1383596032, ""lora_student"": 1383596032}","{""cpu_copy_count"": 50, ""offloaded_logical_bytes"": 20283648000, ""offloaded_storage_bytes"": 20283648000, ""pack_count"": 200, ""unpack_count"": 16}"
2026-08-19 15:19:44.838,block_46_post,6,46,post,20488484864,24597495808,20488484864,0,16819552256,42298834944,67737600,0,0,"{""all"": 69047622144, ""frozen"": 66280430080, ""lora_fake"": 1383596032, ""lora_student"": 1383596032}","{""cpu_copy_count"": 50, ""offloaded_logical_bytes"": 20283648000, ""offloaded_storage_bytes"": 20283648000, ""pack_count"": 200, ""unpack_count"": 16}"
2026-08-19 15:19:45.919,block_45_pre,6,45,pre,9153554944,24597495808,9153554944,0,16819552256,42298834944,67737600,0,0,"{""all"": 69047622144, ""frozen"": 66280430080, ""lora_fake"": 1383596032, ""lora_student"": 1383596032}","{""cpu_copy_count"": 50, ""offloaded_logical_bytes"": 20283648000, ""offloaded_storage_bytes"": 20283648000, ""pack_count"": 200, ""unpack_count"": 20}"
2026-08-19 15:19:45.950,block_45_post,6,45,post,21010566144,25121783808,21010566144,0,16295264256,42298834944,67737600,0,0,"{""all"": 69047622144, ""frozen"": 66280430080, ""lora_fake"": 1383596032, ""lora_student"": 1383596032}","{""cpu_copy_count"": 50, ""offloaded_logical_bytes"": 20283648000, ""offloaded_storage_bytes"": 20283648000, ""pack_count"": 200, ""unpack_count"": 20}"
2026-08-19 15:19:47.008,block_44_pre,6,44,pre,9675636224,25121783808,9675636224,0,16295264256,42298834944,67737600,0,0,"{""all"": 69047622144, ""frozen"": 66280430080, ""lora_fake"": 1383596032, ""lora_student"": 1383596032}","{""cpu_copy_count"": 50, ""offloaded_logical_bytes"": 20283648000, ""offloaded_storage_bytes"": 20283648000, ""pack_count"": 200, ""unpack_count"": 24}"
2026-08-19 15:19:47.040,block_44_post,6,44,post,21532647424,25646071808,21532647424,0,15770976256,42298834944,67737600,0,0,"{""all"": 69047622144, ""frozen"": 66280430080, ""lora_fake"": 1383596032, ""lora_student"": 1383596032}","{""cpu_copy_count"": 50, ""offloaded_logical_bytes"": 20283648000, ""offloaded_storage_bytes"": 20283648000, ""pack_count"": 200, ""unpack_count"": 24}"
2026-08-19 15:19:48.102,block_43_pre,6,43,pre,10197717504,25646071808,10197717504,0,15770976256,42298834944,67737600,0,0,"{""all"": 69047622144, ""frozen"": 66280430080, ""lora_fake"": 1383596032, ""lora_student"": 1383596032}","{""cpu_copy_count"": 50, ""offloaded_logical_bytes"": 20283648000, ""offloaded_storage_bytes"": 20283648000, ""pack_count"": 200, ""unpack_count"": 28}"
2026-08-19 15:19:48.139,block_43_post,6,43,post,22054728704,26170359808,22054728704,0,15246688256,42298834944,67737600,0,0,"{""all"": 69047622144, ""frozen"": 66280430080, ""lora_fake"": 1383596032, ""lora_student"": 1383596032}","{""cpu_copy_count"": 50, ""offloaded_logical_bytes"": 20283648000, ""offloaded_storage_bytes"": 20283648000, ""pack_count"": 200, ""unpack_count"": 28}"
2026-08-19 15:19:49.190,block_42_pre,6,42,pre,10719798784,26170359808,10719798784,0,15246688256,42298834944,67737600,0,0,"{""all"": 69047622144, ""frozen"": 66280430080, ""lora_fake"": 1383596032, ""lora_student"": 1383596032}","{""cpu_copy_count"": 50, ""offloaded_logical_bytes"": 20283648000, ""offloaded_storage_bytes"": 20283648000, ""pack_count"": 200, ""unpack_count"": 32}"
2026-08-19 15:19:49.230,block_42_post,6,42,post,22576809984,26694647808,22576809984,0,14722400256,42298834944,67737600,0,0,"{""all"": 69047622144, ""frozen"": 66280430080, ""lora_fake"": 1383596032, ""lora_student"": 1383596032}","{""cpu_copy_count"": 50, ""offloaded_logical_bytes"": 20283648000, ""offloaded_storage_bytes"": 20283648000, ""pack_count"": 200, ""unpack_count"": 32}"
2026-08-19 15:19:50.278,block_41_pre,6,41,pre,11241880064,26694647808,11241880064,0,14722400256,42298834944,67737600,0,0,"{""all"": 69047622144, ""frozen"": 66280430080, ""lora_fake"": 1383596032, ""lora_student"": 1383596032}","{""cpu_copy_count"": 50, ""offloaded_logical_bytes"": 20283648000, ""offloaded_storage_bytes"": 20283648000, ""pack_count"": 200, ""unpack_count"": 36}"
2026-08-19 15:19:50.318,block_41_post,6,41,post,23098891264,27197964288,23098891264,0,14219083776,42298834944,67737600,0,0,"{""all"": 69047622144, ""frozen"": 66280430080, ""lora_fake"": 1383596032, ""lora_student"": 1383596032}","{""cpu_copy_count"": 50, ""offloaded_logical_bytes"": 20283648000, ""offloaded_storage_bytes"": 20283648000, ""pack_count"": 200, ""unpack_count"": 36}"
2026-08-19 15:19:51.390,block_40_pre,6,40,pre,11763961344,27197964288,11763961344,0,14219083776,42298834944,67737600,0,0,"{""all"": 69047622144, ""frozen"": 66280430080, ""lora_fake"": 1383596032, ""lora_student"": 1383596032}","{""cpu_copy_count"": 50, ""offloaded_logical_bytes"": 20283648000, ""offloaded_storage_bytes"": 20283648000, ""pack_count"": 200, ""unpack_count"": 40}"
2026-08-19 15:19:51.428,block_40_post,6,40,post,23620972544,27722252288,23620972544,0,13694795776,42298834944,67737600,0,0,"{""all"": 69047622144, ""frozen"": 66280430080, ""lora_fake"": 1383596032, ""lora_student"": 1383596032}","{""cpu_copy_count"": 50, ""offloaded_logical_bytes"": 20283648000, ""offloaded_storage_bytes"": 20283648000, ""pack_count"": 200, ""unpack_count"": 40}"
2026-08-19 15:19:52.479,block_39_pre,6,39,pre,12286042624,27722252288,12286042624,0,13694795776,42298834944,67737600,0,0,"{""all"": 69047622144, ""frozen"": 66280430080, ""lora_fake"": 1383596032, ""lora_student"": 1383596032}","{""cpu_copy_count"": 50, ""offloaded_logical_bytes"": 20283648000, ""offloaded_storage_bytes"": 20283648000, ""pack_count"": 200, ""unpack_count"": 44}"
2026-08-19 15:19:52.512,block_39_post,6,39,post,24143053824,28246540288,24143053824,0,13170507776,42298834944,67737600,0,0,"{""all"": 69047622144, ""frozen"": 66280430080, ""lora_fake"": 1383596032, ""lora_student"": 1383596032}","{""cpu_copy_count"": 50, ""offloaded_logical_bytes"": 20283648000, ""offloaded_storage_bytes"": 20283648000, ""pack_count"": 200, ""unpack_count"": 44}"
2026-08-19 15:19:53.570,block_38_pre,6,38,pre,12808123904,28267511808,12808123904,0,13149536256,42298834944,67737600,0,0,"{""all"": 69047622144, ""frozen"": 66280430080, ""lora_fake"": 1383596032, ""lora_student"": 1383596032}","{""cpu_copy_count"": 50, ""offloaded_logical_bytes"": 20283648000, ""offloaded_storage_bytes"": 20283648000, ""pack_count"": 200, ""unpack_count"": 48}"
2026-08-19 15:19:53.603,block_38_post,6,38,post,24665135104,28791799808,24665135104,0,12625248256,42298834944,67737600,0,0,"{""all"": 69047622144, ""frozen"": 66280430080, ""lora_fake"": 1383596032, ""lora_student"": 1383596032}","{""cpu_copy_count"": 50, ""offloaded_logical_bytes"": 20283648000, ""offloaded_storage_bytes"": 20283648000, ""pack_count"": 200, ""unpack_count"": 48}"
2026-08-19 15:19:54.686,block_37_pre,6,37,pre,13330205184,28791799808,13330205184,0,12625248256,42298834944,67737600,0,0,"{""all"": 69047622144, ""frozen"": 66280430080, ""lora_fake"": 1383596032, ""lora_student"": 1383596032}","{""cpu_copy_count"": 50, ""offloaded_logical_bytes"": 20283648000, ""offloaded_storage_bytes"": 20283648000, ""pack_count"": 200, ""unpack_count"": 52}"
2026-08-19 15:19:54.718,block_37_post,6,37,post,25187216384,29316087808,25187216384,0,12100960256,42298834944,67737600,0,0,"{""all"": 69047622144, ""frozen"": 66280430080, ""lora_fake"": 1383596032, ""lora_student"": 1383596032}","{""cpu_copy_count"": 50, ""offloaded_logical_bytes"": 20283648000, ""offloaded_storage_bytes"": 20283648000, ""pack_count"": 200, ""unpack_count"": 52}"
2026-08-19 15:19:55.773,block_36_pre,6,36,pre,13852286464,29316087808,13852286464,0,12100960256,42298834944,67737600,0,0,"{""all"": 69047622144, ""frozen"": 66280430080, ""lora_fake"": 1383596032, ""lora_student"": 1383596032}","{""cpu_copy_count"": 50, ""offloaded_logical_bytes"": 20283648000, ""offloaded_storage_bytes"": 20283648000, ""pack_count"": 200, ""unpack_count"": 56}"
2026-08-19 15:19:55.810,block_36_post,6,36,post,25709297664,29819404288,25709297664,0,11597643776,42298834944,67737600,0,0,"{""all"": 69047622144, ""frozen"": 66280430080, ""lora_fake"": 1383596032, ""lora_student"": 1383596032}","{""cpu_copy_count"": 50, ""offloaded_logical_bytes"": 20283648000, ""offloaded_storage_bytes"": 20283648000, ""pack_count"": 200, ""unpack_count"": 56}"
2026-08-19 15:19:56.863,block_35_pre,6,35,pre,14374367744,29819404288,14374367744,0,11597643776,42298834944,67737600,0,0,"{""all"": 69047622144, ""frozen"": 66280430080, ""lora_fake"": 1383596032, ""lora_student"": 1383596032}","{""cpu_copy_count"": 50, ""offloaded_logical_bytes"": 20283648000, ""offloaded_storage_bytes"": 20283648000, ""pack_count"": 200, ""unpack_count"": 60}"
2026-08-19 15:19:56.892,block_35_post,6,35,post,26231378944,30343692288,26231378944,0,11073355776,42298834944,67737600,0,0,"{""all"": 69047622144, ""frozen"": 66280430080, ""lora_fake"": 1383596032, ""lora_student"": 1383596032}","{""cpu_copy_count"": 50, ""offloaded_logical_bytes"": 20283648000, ""offloaded_storage_bytes"": 20283648000, ""pack_count"": 200, ""unpack_count"": 60}"
2026-08-19 15:19:57.959,block_34_pre,6,34,pre,14896449024,30343692288,14896449024,0,11073355776,42298834944,67737600,0,0,"{""all"": 69047622144, ""frozen"": 66280430080, ""lora_fake"": 1383596032, ""lora_student"": 1383596032}","{""cpu_copy_count"": 50, ""offloaded_logical_bytes"": 20283648000, ""offloaded_storage_bytes"": 20283648000, ""pack_count"": 200, ""unpack_count"": 64}"
2026-08-19 15:19:58.002,block_34_post,6,34,post,26753460224,30867980288,26753460224,0,10549067776,42298834944,67737600,0,0,"{""all"": 69047622144, ""frozen"": 66280430080, ""lora_fake"": 1383596032, ""lora_student"": 1383596032}","{""cpu_copy_count"": 50, ""offloaded_logical_bytes"": 20283648000, ""offloaded_storage_bytes"": 20283648000, ""pack_count"": 200, ""unpack_count"": 64}"
2026-08-19 15:19:59.047,block_33_pre,6,33,pre,15418530304,30867980288,15418530304,0,10549067776,42298834944,67737600,0,0,"{""all"": 69047622144, ""frozen"": 66280430080, ""lora_fake"": 1383596032, ""lora_student"": 1383596032}","{""cpu_copy_count"": 50, ""offloaded_logical_bytes"": 20283648000, ""offloaded_storage_bytes"": 20283648000, ""pack_count"": 200, ""unpack_count"": 68}"
2026-08-19 15:19:59.080,block_33_post,6,33,post,27275541504,31392268288,27275541504,0,10024779776,42298834944,67737600,0,0,"{""all"": 69047622144, ""frozen"": 66280430080, ""lora_fake"": 1383596032, ""lora_student"": 1383596032}","{""cpu_copy_count"": 50, ""offloaded_logical_bytes"": 20283648000, ""offloaded_storage_bytes"": 20283648000, ""pack_count"": 200, ""unpack_count"": 68}"
2026-08-19 15:20:00.149,block_32_pre,6,32,pre,15940611584,31392268288,15940611584,0,10024779776,42298834944,67737600,0,0,"{""all"": 69047622144, ""frozen"": 66280430080, ""lora_fake"": 1383596032, ""lora_student"": 1383596032}","{""cpu_copy_count"": 50, ""offloaded_logical_bytes"": 20283648000, ""offloaded_storage_bytes"": 20283648000, ""pack_count"": 200, ""unpack_count"": 72}"
2026-08-19 15:20:00.186,block_32_post,6,32,post,27797622784,31916556288,27797622784,0,9500491776,42298834944,67737600,0,0,"{""all"": 69047622144, ""frozen"": 66280430080, ""lora_fake"": 1383596032, ""lora_student"": 1383596032}","{""cpu_copy_count"": 50, ""offloaded_logical_bytes"": 20283648000, ""offloaded_storage_bytes"": 20283648000, ""pack_count"": 200, ""unpack_count"": 72}"
2026-08-19 15:20:01.228,block_31_pre,6,31,pre,16462692864,31916556288,16462692864,0,9500491776,42298834944,67737600,0,0,"{""all"": 69047622144, ""frozen"": 66280430080, ""lora_fake"": 1383596032, ""lora_student"": 1383596032}","{""cpu_copy_count"": 50, ""offloaded_logical_bytes"": 20283648000, ""offloaded_storage_bytes"": 20283648000, ""pack_count"": 200, ""unpack_count"": 76}"
2026-08-19 15:20:01.256,block_31_post,6,31,post,28319704064,32419872768,28319704064,0,8997175296,42298834944,67737600,0,0,"{""all"": 69047622144, ""frozen"": 66280430080, ""lora_fake"": 1383596032, ""lora_student"": 1383596032}","{""cpu_copy_count"": 50, ""offloaded_logical_bytes"": 20283648000, ""offloaded_storage_bytes"": 20283648000, ""pack_count"": 200, ""unpack_count"": 76}"
2026-08-19 15:20:02.318,block_30_pre,6,30,pre,16984774144,32419872768,16984774144,0,8997175296,42298834944,67737600,0,0,"{""all"": 69047622144, ""frozen"": 66280430080, ""lora_fake"": 1383596032, ""lora_student"": 1383596032}","{""cpu_copy_count"": 50, ""offloaded_logical_bytes"": 20283648000, ""offloaded_storage_bytes"": 20283648000, ""pack_count"": 200, ""unpack_count"": 80}"
2026-08-19 15:20:02.355,block_30_post,6,30,post,28841785344,32944160768,28841785344,0,8472887296,42298834944,67737600,0,0,"{""all"": 69047622144, ""frozen"": 66280430080, ""lora_fake"": 1383596032, ""lora_student"": 1383596032}","{""cpu_copy_count"": 50, ""offloaded_logical_bytes"": 20283648000, ""offloaded_storage_bytes"": 20283648000, ""pack_count"": 200, ""unpack_count"": 80}"
2026-08-19 15:20:03.414,block_29_pre,6,29,pre,17506855424,32944160768,17506855424,0,8472887296,42298834944,67737600,0,0,"{""all"": 69047622144, ""frozen"": 66280430080, ""lora_fake"": 1383596032, ""lora_student"": 1383596032}","{""cpu_copy_count"": 50, ""offloaded_logical_bytes"": 20283648000, ""offloaded_storage_bytes"": 20283648000, ""pack_count"": 200, ""unpack_count"": 84}"
2026-08-19 15:20:03.461,block_29_post,6,29,post,29363866624,33468448768,29363866624,0,7948599296,42298834944,67737600,0,0,"{""all"": 69047622144, ""frozen"": 66280430080, ""lora_fake"": 1383596032, ""lora_student"": 1383596032}","{""cpu_copy_count"": 50, ""offloaded_logical_bytes"": 20283648000, ""offloaded_storage_bytes"": 20283648000, ""pack_count"": 200, ""unpack_count"": 84}"
2026-08-19 15:20:04.502,block_28_pre,6,28,pre,18028936704,33468448768,18028936704,0,7948599296,42298834944,67737600,0,0,"{""all"": 69047622144, ""frozen"": 66280430080, ""lora_fake"": 1383596032, ""lora_student"": 1383596032}","{""cpu_copy_count"": 50, ""offloaded_logical_bytes"": 20283648000, ""offloaded_storage_bytes"": 20283648000, ""pack_count"": 200, ""unpack_count"": 88}"
2026-08-19 15:20:04.542,block_28_post,6,28,post,29885947904,33992736768,29885947904,0,7424311296,42298834944,67737600,0,0,"{""all"": 69047622144, ""frozen"": 66280430080, ""lora_fake"": 1383596032, ""lora_student"": 1383596032}","{""cpu_copy_count"": 50, ""offloaded_logical_bytes"": 20283648000, ""offloaded_storage_bytes"": 20283648000, ""pack_count"": 200, ""unpack_count"": 88}"
2026-08-19 15:20:05.595,block_27_pre,6,27,pre,18551017984,33992736768,18551017984,0,7424311296,42298834944,67737600,0,0,"{""all"": 69047622144, ""frozen"": 66280430080, ""lora_fake"": 1383596032, ""lora_student"": 1383596032}","{""cpu_copy_count"": 50, ""offloaded_logical_bytes"": 20283648000, ""offloaded_storage_bytes"": 20283648000, ""pack_count"": 200, ""unpack_count"": 92}"
2026-08-19 15:20:05.625,block_27_post,6,27,post,30408029184,34517024768,30408029184,0,6900023296,42298834944,67737600,0,0,"{""all"": 69047622144, ""frozen"": 66280430080, ""lora_fake"": 1383596032, ""lora_student"": 1383596032}","{""cpu_copy_count"": 50, ""offloaded_logical_bytes"": 20283648000, ""offloaded_storage_bytes"": 20283648000, ""pack_count"": 200, ""unpack_count"": 92}"
2026-08-19 15:20:06.680,block_26_pre,6,26,pre,19073099264,34517024768,19073099264,0,6900023296,42298834944,67737600,0,0,"{""all"": 69047622144, ""frozen"": 66280430080, ""lora_fake"": 1383596032, ""lora_student"": 1383596032}","{""cpu_copy_count"": 50, ""offloaded_logical_bytes"": 20283648000, ""offloaded_storage_bytes"": 20283648000, ""pack_count"": 200, ""unpack_count"": 96}"
2026-08-19 15:20:06.719,block_26_post,6,26,post,30930110464,35020341248,30930110464,0,6396706816,42298834944,67737600,0,0,"{""all"": 69047622144, ""frozen"": 66280430080, ""lora_fake"": 1383596032, ""lora_student"": 1383596032}","{""cpu_copy_count"": 50, ""offloaded_logical_bytes"": 20283648000, ""offloaded_storage_bytes"": 20283648000, ""pack_count"": 200, ""unpack_count"": 96}"
2026-08-19 15:20:07.770,block_25_pre,6,25,pre,19595180544,35041312768,19595180544,0,6375735296,42298834944,67737600,0,0,"{""all"": 69047622144, ""frozen"": 66280430080, ""lora_fake"": 1383596032, ""lora_student"": 1383596032}","{""cpu_copy_count"": 50, ""offloaded_logical_bytes"": 20283648000, ""offloaded_storage_bytes"": 20283648000, ""pack_count"": 200, ""unpack_count"": 100}"
2026-08-19 15:20:07.804,block_25_post,6,25,post,31452191744,35565600768,31452191744,0,5851447296,42298834944,67737600,0,0,"{""all"": 69047622144, ""frozen"": 66280430080, ""lora_fake"": 1383596032, ""lora_student"": 1383596032}","{""cpu_copy_count"": 50, ""offloaded_logical_bytes"": 20283648000, ""offloaded_storage_bytes"": 20283648000, ""pack_count"": 200, ""unpack_count"": 100}"
2026-08-19 15:20:08.855,block_24_pre,6,24,pre,20117261824,35565600768,20117261824,0,5851447296,42298834944,67737600,0,0,"{""all"": 69047622144, ""frozen"": 66280430080, ""lora_fake"": 1383596032, ""lora_student"": 1383596032}","{""cpu_copy_count"": 50, ""offloaded_logical_bytes"": 20283648000, ""offloaded_storage_bytes"": 20283648000, ""pack_count"": 200, ""unpack_count"": 104}"
2026-08-19 15:20:08.914,block_24_post,6,24,post,31974273024,36089888768,31974273024,0,5327159296,42298834944,67737600,0,0,"{""all"": 69047622144, ""frozen"": 66280430080, ""lora_fake"": 1383596032, ""lora_student"": 1383596032}","{""cpu_copy_count"": 50, ""offloaded_logical_bytes"": 20283648000, ""offloaded_storage_bytes"": 20283648000, ""pack_count"": 200, ""unpack_count"": 104}"
2026-08-19 15:20:09.938,block_23_pre,6,23,pre,20639343104,36089888768,20639343104,0,5327159296,42298834944,67737600,0,0,"{""all"": 69047622144, ""frozen"": 66280430080, ""lora_fake"": 1383596032, ""lora_student"": 1383596032}","{""cpu_copy_count"": 50, ""offloaded_logical_bytes"": 20283648000, ""offloaded_storage_bytes"": 20283648000, ""pack_count"": 200, ""unpack_count"": 108}"
2026-08-19 15:20:09.975,block_23_post,6,23,post,32496354304,36614176768,32496354304,0,4802871296,42298834944,67737600,0,0,"{""all"": 69047622144, ""frozen"": 66280430080, ""lora_fake"": 1383596032, ""lora_student"": 1383596032}","{""cpu_copy_count"": 50, ""offloaded_logical_bytes"": 20283648000, ""offloaded_storage_bytes"": 20283648000, ""pack_count"": 200, ""unpack_count"": 108}"
2026-08-19 15:20:11.034,block_22_pre,6,22,pre,21161424384,36614176768,21161424384,0,4802871296,42298834944,67737600,0,0,"{""all"": 69047622144, ""frozen"": 66280430080, ""lora_fake"": 1383596032, ""lora_student"": 1383596032}","{""cpu_copy_count"": 50, ""offloaded_logical_bytes"": 20283648000, ""offloaded_storage_bytes"": 20283648000, ""pack_count"": 200, ""unpack_count"": 112}"
2026-08-19 15:20:11.062,block_22_post,6,22,post,33018435584,37138464768,33018435584,0,4278583296,42298834944,67737600,0,0,"{""all"": 69047622144, ""frozen"": 66280430080, ""lora_fake"": 1383596032, ""lora_student"": 1383596032}","{""cpu_copy_count"": 50, ""offloaded_logical_bytes"": 20283648000, ""offloaded_storage_bytes"": 20283648000, ""pack_count"": 200, ""unpack_count"": 112}"
2026-08-19 15:20:12.123,block_21_pre,6,21,pre,21683505664,37138464768,21683505664,0,4278583296,42298834944,67737600,0,0,"{""all"": 69047622144, ""frozen"": 66280430080, ""lora_fake"": 1383596032, ""lora_student"": 1383596032}","{""cpu_copy_count"": 50, ""offloaded_logical_bytes"": 20283648000, ""offloaded_storage_bytes"": 20283648000, ""pack_count"": 200, ""unpack_count"": 116}"
2026-08-19 15:20:12.157,block_21_post,6,21,post,33540516864,37641781248,33540516864,0,3775266816,42298834944,67737600,0,0,"{""all"": 69047622144, ""frozen"": 66280430080, ""lora_fake"": 1383596032, ""lora_student"": 1383596032}","{""cpu_copy_count"": 50, ""offloaded_logical_bytes"": 20283648000, ""offloaded_storage_bytes"": 20283648000, ""pack_count"": 200, ""unpack_count"": 116}"
2026-08-19 15:20:13.207,block_20_pre,6,20,pre,22205586944,37641781248,22205586944,0,3775266816,42298834944,67737600,0,0,"{""all"": 69047622144, ""frozen"": 66280430080, ""lora_fake"": 1383596032, ""lora_student"": 1383596032}","{""cpu_copy_count"": 50, ""offloaded_logical_bytes"": 20283648000, ""offloaded_storage_bytes"": 20283648000, ""pack_count"": 200, ""unpack_count"": 120}"
2026-08-19 15:20:13.268,block_20_post,6,20,post,34062598144,38166069248,34062598144,0,3250978816,42298834944,67737600,0,0,"{""all"": 69047622144, ""frozen"": 66280430080, ""lora_fake"": 1383596032, ""lora_student"": 1383596032}","{""cpu_copy_count"": 50, ""offloaded_logical_bytes"": 20283648000, ""offloaded_storage_bytes"": 20283648000, ""pack_count"": 200, ""unpack_count"": 120}"
2026-08-19 15:20:14.295,block_19_pre,6,19,pre,22727668224,38166069248,22727668224,0,3250978816,42298834944,67737600,0,0,"{""all"": 69047622144, ""frozen"": 66280430080, ""lora_fake"": 1383596032, ""lora_student"": 1383596032}","{""cpu_copy_count"": 50, ""offloaded_logical_bytes"": 20283648000, ""offloaded_storage_bytes"": 20283648000, ""pack_count"": 200, ""unpack_count"": 124}"
2026-08-19 15:20:14.328,block_19_post,6,19,post,34584679424,38690357248,34584679424,0,2726690816,42298834944,67737600,0,0,"{""all"": 69047622144, ""frozen"": 66280430080, ""lora_fake"": 1383596032, ""lora_student"": 1383596032}","{""cpu_copy_count"": 50, ""offloaded_logical_bytes"": 20283648000, ""offloaded_storage_bytes"": 20283648000, ""pack_count"": 200, ""unpack_count"": 124}"
2026-08-19 15:20:15.379,block_18_pre,6,18,pre,23249749504,38690357248,23249749504,0,2726690816,42298834944,67737600,0,0,"{""all"": 69047622144, ""frozen"": 66280430080, ""lora_fake"": 1383596032, ""lora_student"": 1383596032}","{""cpu_copy_count"": 50, ""offloaded_logical_bytes"": 20283648000, ""offloaded_storage_bytes"": 20283648000, ""pack_count"": 200, ""unpack_count"": 128}"
2026-08-19 15:20:15.447,block_18_post,6,18,post,35106760704,39214645248,35106760704,0,2202402816,42298834944,67737600,0,0,"{""all"": 69047622144, ""frozen"": 66280430080, ""lora_fake"": 1383596032, ""lora_student"": 1383596032}","{""cpu_copy_count"": 50, ""offloaded_logical_bytes"": 20283648000, ""offloaded_storage_bytes"": 20283648000, ""pack_count"": 200, ""unpack_count"": 128}"
2026-08-19 15:20:16.464,block_17_pre,6,17,pre,23771830784,39214645248,23771830784,0,2202402816,42298834944,67737600,0,0,"{""all"": 69047622144, ""frozen"": 66280430080, ""lora_fake"": 1383596032, ""lora_student"": 1383596032}","{""cpu_copy_count"": 50, ""offloaded_logical_bytes"": 20283648000, ""offloaded_storage_bytes"": 20283648000, ""pack_count"": 200, ""unpack_count"": 132}"
2026-08-19 15:20:16.503,block_17_post,6,17,post,35628841984,39738933248,35628841984,0,1678114816,42298834944,67737600,0,0,"{""all"": 69047622144, ""frozen"": 66280430080, ""lora_fake"": 1383596032, ""lora_student"": 1383596032}","{""cpu_copy_count"": 50, ""offloaded_logical_bytes"": 20283648000, ""offloaded_storage_bytes"": 20283648000, ""pack_count"": 200, ""unpack_count"": 132}"
2026-08-19 15:20:17.561,block_16_pre,6,16,pre,24293912064,39738933248,24293912064,0,1678114816,42298834944,67737600,0,0,"{""all"": 69047622144, ""frozen"": 66280430080, ""lora_fake"": 1383596032, ""lora_student"": 1383596032}","{""cpu_copy_count"": 50, ""offloaded_logical_bytes"": 20283648000, ""offloaded_storage_bytes"": 20283648000, ""pack_count"": 200, ""unpack_count"": 136}"
2026-08-19 15:20:17.586,block_16_post,6,16,post,36150923264,40263221248,36150923264,0,1153826816,42298834944,67737600,0,0,"{""all"": 69047622144, ""frozen"": 66280430080, ""lora_fake"": 1383596032, ""lora_student"": 1383596032}","{""cpu_copy_count"": 50, ""offloaded_logical_bytes"": 20283648000, ""offloaded_storage_bytes"": 20283648000, ""pack_count"": 200, ""unpack_count"": 136}"
2026-08-19 15:20:18.647,block_15_pre,6,15,pre,24815993344,40263221248,24815993344,0,1153826816,42298834944,67737600,0,0,"{""all"": 69047622144, ""frozen"": 66280430080, ""lora_fake"": 1383596032, ""lora_student"": 1383596032}","{""cpu_copy_count"": 50, ""offloaded_logical_bytes"": 20283648000, ""offloaded_storage_bytes"": 20283648000, ""pack_count"": 200, ""unpack_count"": 140}"
2026-08-19 15:20:18.699,block_15_post,6,15,post,36673004544,40766537728,36673004544,0,650510336,42298834944,67737600,0,0,"{""all"": 69047622144, ""frozen"": 66280430080, ""lora_fake"": 1383596032, ""lora_student"": 1383596032}","{""cpu_copy_count"": 50, ""offloaded_logical_bytes"": 20283648000, ""offloaded_storage_bytes"": 20283648000, ""pack_count"": 200, ""unpack_count"": 140}"
2026-08-19 15:20:19.737,block_14_pre,6,14,pre,25338074624,40766537728,25338074624,0,650510336,42298834944,67737600,0,0,"{""all"": 69047622144, ""frozen"": 66280430080, ""lora_fake"": 1383596032, ""lora_student"": 1383596032}","{""cpu_copy_count"": 50, ""offloaded_logical_bytes"": 20283648000, ""offloaded_storage_bytes"": 20283648000, ""pack_count"": 200, ""unpack_count"": 144}"
2026-08-19 15:20:19.772,block_14_post,6,14,post,37195085824,41290825728,37195085824,0,126222336,42298834944,67737600,0,0,"{""all"": 69047622144, ""frozen"": 66280430080, ""lora_fake"": 1383596032, ""lora_student"": 1383596032}","{""cpu_copy_count"": 50, ""offloaded_logical_bytes"": 20283648000, ""offloaded_storage_bytes"": 20283648000, ""pack_count"": 200, ""unpack_count"": 144}"
2026-08-19 15:20:20.821,block_13_pre,6,13,pre,25860155904,41311797248,25860155904,0,105250816,42298834944,67737600,0,0,"{""all"": 69047622144, ""frozen"": 66280430080, ""lora_fake"": 1383596032, ""lora_student"": 1383596032}","{""cpu_copy_count"": 50, ""offloaded_logical_bytes"": 20283648000, ""offloaded_storage_bytes"": 20283648000, ""pack_count"": 200, ""unpack_count"": 148}"
2026-08-19 15:20:21.592,block_13_post,6,13,post,37717167104,39244005376,37717167104,0,2173042688,42298834944,67737600,0,0,"{""all"": 69047622144, ""frozen"": 66280430080, ""lora_fake"": 1383596032, ""lora_student"": 1383596032}","{""cpu_copy_count"": 50, ""offloaded_logical_bytes"": 20283648000, ""offloaded_storage_bytes"": 20283648000, ""pack_count"": 200, ""unpack_count"": 148}"
2026-08-19 15:20:22.320,block_12_pre,6,12,pre,26382237184,39244005376,26382237184,0,2173042688,42298834944,67737600,0,0,"{""all"": 69047622144, ""frozen"": 66280430080, ""lora_fake"": 1383596032, ""lora_student"": 1383596032}","{""cpu_copy_count"": 50, ""offloaded_logical_bytes"": 20283648000, ""offloaded_storage_bytes"": 20283648000, ""pack_count"": 200, ""unpack_count"": 152}"
2026-08-19 15:20:22.982,block_12_post,6,12,post,38239248384,39789264896,38239248384,0,1627783168,42298834944,67737600,0,0,"{""all"": 69047622144, ""frozen"": 66280430080, ""lora_fake"": 1383596032, ""lora_student"": 1383596032}","{""cpu_copy_count"": 50, ""offloaded_logical_bytes"": 20283648000, ""offloaded_storage_bytes"": 20283648000, ""pack_count"": 200, ""unpack_count"": 152}"
2026-08-19 15:20:23.706,block_11_pre,6,11,pre,26904318464,39789264896,26904318464,0,1627783168,42298834944,67737600,0,0,"{""all"": 69047622144, ""frozen"": 66280430080, ""lora_fake"": 1383596032, ""lora_student"": 1383596032}","{""cpu_copy_count"": 50, ""offloaded_logical_bytes"": 20283648000, ""offloaded_storage_bytes"": 20283648000, ""pack_count"": 200, ""unpack_count"": 156}"
2026-08-19 15:20:24.520,block_11_post,6,11,post,38761329664,40334524416,38761329664,0,1082523648,42298834944,67737600,0,0,"{""all"": 69047622144, ""frozen"": 66280430080, ""lora_fake"": 1383596032, ""lora_student"": 1383596032}","{""cpu_copy_count"": 50, ""offloaded_logical_bytes"": 20283648000, ""offloaded_storage_bytes"": 20283648000, ""pack_count"": 200, ""unpack_count"": 156}"
2026-08-19 15:20:25.251,block_10_pre,6,10,pre,27426399744,40334524416,27426399744,0,1082523648,42298834944,67737600,0,0,"{""all"": 69047622144, ""frozen"": 66280430080, ""lora_fake"": 1383596032, ""lora_student"": 1383596032}","{""cpu_copy_count"": 50, ""offloaded_logical_bytes"": 20283648000, ""offloaded_storage_bytes"": 20283648000, ""pack_count"": 200, ""unpack_count"": 160}"
2026-08-19 15:20:25.931,block_10_post,6,10,post,39283410944,40795897856,39283410944,0,621150208,42298834944,67737600,0,0,"{""all"": 69047622144, ""frozen"": 66280430080, ""lora_fake"": 1383596032, ""lora_student"": 1383596032}","{""cpu_copy_count"": 50, ""offloaded_logical_bytes"": 20283648000, ""offloaded_storage_bytes"": 20283648000, ""pack_count"": 200, ""unpack_count"": 160}"
2026-08-19 15:20:26.672,block_9_pre,6,9,pre,27948481024,40795897856,27948481024,0,621150208,42298834944,67737600,0,0,"{""all"": 69047622144, ""frozen"": 66280430080, ""lora_fake"": 1383596032, ""lora_student"": 1383596032}","{""cpu_copy_count"": 50, ""offloaded_logical_bytes"": 20283648000, ""offloaded_storage_bytes"": 20283648000, ""pack_count"": 200, ""unpack_count"": 164}"
2026-08-19 15:20:27.318,block_9_post,6,9,post,39805492224,41341157376,39805492224,0,75890688,42298834944,67737600,0,0,"{""all"": 69047622144, ""frozen"": 66280430080, ""lora_fake"": 1383596032, ""lora_student"": 1383596032}","{""cpu_copy_count"": 50, ""offloaded_logical_bytes"": 20283648000, ""offloaded_storage_bytes"": 20283648000, ""pack_count"": 200, ""unpack_count"": 164}"
2026-08-19 15:20:28.042,block_8_pre,6,8,pre,28470562304,41341157376,28470562304,0,75890688,42298834944,67737600,0,0,"{""all"": 69047622144, ""frozen"": 66280430080, ""lora_fake"": 1383596032, ""lora_student"": 1383596032}","{""cpu_copy_count"": 50, ""offloaded_logical_bytes"": 20283648000, ""offloaded_storage_bytes"": 20283648000, ""pack_count"": 200, ""unpack_count"": 168}"
2026-08-19 15:20:29.830,block_8_post,6,8,post,37342979584,39621492736,37342979584,0,1795555328,42298834944,67737600,0,0,"{""all"": 69047622144, ""frozen"": 66280430080, ""lora_fake"": 1383596032, ""lora_student"": 1383596032}","{""cpu_copy_count"": 50, ""offloaded_logical_bytes"": 20283648000, ""offloaded_storage_bytes"": 20283648000, ""pack_count"": 200, ""unpack_count"": 168}"
